insert into tbl_level (max_exp, level) values(50, 1), (100, 2), (150, 3), (200, 4), (250, 5), (300, 6), (350, 7), (400, 8), (450, 9), (500,10);

insert into tbl_storage_type (storage_type, type_name) values ('ICE', '냉동칸'), ('COOL', '냉장칸'), ('CABINET', '찬장');

insert into tbl_storage_design (storage_design_name , level, img_src, storage_type) values
                                                                                        ('기본 냉동칸', 1, 'https://goumunity.s3.ap-northeast-2.amazonaws.com/storage/basicIce.png', 'ICE') ,
                                                                                        ('기본 냉장칸', 1, 'https://goumunity.s3.ap-northeast-2.amazonaws.com/storage/basicCool.png', 'COOL'),
                                                                                        ('기본 찬장', 1, 'https://goumunity.s3.ap-northeast-2.amazonaws.com/storage/basicCabinet.png', 'CABINET'),
                                                                                        ('석빙고 냉동칸', 2, 'https://goumunity.s3.ap-northeast-2.amazonaws.com/storage/stoneIce.png', 'ICE') ,
                                                                                        ('석빙고 냉장칸', 3, 'https://goumunity.s3.ap-northeast-2.amazonaws.com/storage/stoneCool.png', 'COOL'),
                                                                                        ('석빙고 찬장', 4, 'https://goumunity.s3.ap-northeast-2.amazonaws.com/storage/stoneCabinet.png', 'CABINET'),
                                                                                        ('이글루 냉동칸', 5, 'https://goumunity.s3.ap-northeast-2.amazonaws.com/storage/iglooIce.png', 'ICE') ,
                                                                                        ('이글루 냉장칸', 6, 'https://goumunity.s3.ap-northeast-2.amazonaws.com/storage/iglooCool.png', 'COOL'),
                                                                                        ('이글루 찬장', 7, 'https://goumunity.s3.ap-northeast-2.amazonaws.com/storage/iglooCabinet.png', 'CABINET'),
                                                                                        ('현대 냉동칸', 8, 'https://goumunity.s3.ap-northeast-2.amazonaws.com/storage/modernIce.png', 'ICE') ,
                                                                                        ('현대 냉장칸', 9, 'https://goumunity.s3.ap-northeast-2.amazonaws.com/storage/modernCool.png', 'COOL'),
                                                                                        ('현대 찬장', 10, 'https://goumunity.s3.ap-northeast-2.amazonaws.com/storage/modernCabient.png', 'CABINET')
;


insert into tbl_category_big(name , img_src) values ('조미료', 'https://goumunity.s3.ap-northeast-2.amazonaws.com/category-detail/1010103.png');
insert into tbl_category_big(name , img_src) values ('유제품', 'https://goumunity.s3.ap-northeast-2.amazonaws.com/category-detail/1020199.png');
insert into tbl_category_big(name , img_src) values ('축산가공식품', 'https://goumunity.s3.ap-northeast-2.amazonaws.com/category-detail/1060302.png');
insert into tbl_category_big(name , img_src) values ('수산가공식품', 'https://goumunity.s3.ap-northeast-2.amazonaws.com/category-detail/1039999.png');
insert into tbl_category_big(name , img_src) values ('대용식재료', 'https://goumunity.s3.ap-northeast-2.amazonaws.com/category-detail/1120401.png');
insert into tbl_category_big(name , img_src) values ('통조림/병', 'https://goumunity.s3.ap-northeast-2.amazonaws.com/category-detail/1060203.png');
insert into tbl_category_big(name , img_src) values ('농산가공식품', 'https://goumunity.s3.ap-northeast-2.amazonaws.com/category-detail/1070102.png');
insert into tbl_category_big(name , img_src) values ('냉동식품', 'https://goumunity.s3.ap-northeast-2.amazonaws.com/category-detail/1080114.png');
insert into tbl_category_big(name , img_src) values ('절임/발효식품', 'https://goumunity.s3.ap-northeast-2.amazonaws.com/category-detail/1090101.png');
insert into tbl_category_big(name , img_src) values ('어육/연식품류','https://goumunity.s3.ap-northeast-2.amazonaws.com/category-detail/1100101.png');
insert into tbl_category_big(name , img_src) values ('분말류', 'https://goumunity.s3.ap-northeast-2.amazonaws.com/category-detail/1110202.png');
insert into tbl_category_big(name , img_src) values ('즉석/편의식품', 'https://goumunity.s3.ap-northeast-2.amazonaws.com/category-detail/1120101.png');
insert into tbl_category_big(name , img_src) values ('영유아식품', 'https://goumunity.s3.ap-northeast-2.amazonaws.com/category-detail/1140199.png');
insert into tbl_category_big(name , img_src) values ('건강식품', 'https://goumunity.s3.ap-northeast-2.amazonaws.com/category-detail/1150101.png');
insert into tbl_category_big(name , img_src) values ('과자류', 'https://goumunity.s3.ap-northeast-2.amazonaws.com/category-detail/1160203.png');
insert into tbl_category_big(name , img_src) values ('음료류', 'https://goumunity.s3.ap-northeast-2.amazonaws.com/category-detail/1170401.png');
insert into tbl_category_big(name , img_src) values ('빵류/떡류', 'https://goumunity.s3.ap-northeast-2.amazonaws.com/category-detail/1200101.png');
insert into tbl_category_big(name , img_src) values ('커피/코코아', 'https://goumunity.s3.ap-northeast-2.amazonaws.com/category-detail/1210101.png');
insert into tbl_category_big(name , img_src) values ('차류', 'https://goumunity.s3.ap-northeast-2.amazonaws.com/category-detail/1220101.png');
insert into tbl_category_big(name , img_src) values ('주류','https://goumunity.s3.ap-northeast-2.amazonaws.com/category-detail/1230101.png');
insert into tbl_category_big(name , img_src) values ('가공식품세트류', 'https://goumunity.s3.ap-northeast-2.amazonaws.com/category-detail/1880103.png');
insert into tbl_category_big(name , img_src) values ('기타가공식품', 'https://goumunity.s3.ap-northeast-2.amazonaws.com/category-detail/1999901.png');
insert into tbl_category_big(name , img_src) values ('농산물', 'https://goumunity.s3.ap-northeast-2.amazonaws.com/category-detail/2010101.png');
insert into tbl_category_big(name , img_src) values ('축산물', 'https://goumunity.s3.ap-northeast-2.amazonaws.com/category-detail/2020304.png');
insert into tbl_category_big(name , img_src) values ('수산물', 'https://goumunity.s3.ap-northeast-2.amazonaws.com/category-detail/2030102.png');
insert into tbl_category_big(name , img_src) values ('신선식품세트류', 'https://goumunity.s3.ap-northeast-2.amazonaws.com/category-detail/2880101.png');
insert into tbl_category_big(name , img_src) values ('기타신선식품', 'https://goumunity.s3.ap-northeast-2.amazonaws.com/category-detail/2999999.png');
insert into tbl_category_big (img_src, name) value ('https://goumunity.s3.ap-northeast-2.amazonaws.com/category-detail/etc.png' ,'기타');



insert into tbl_category_detail(name, category_big_id, kan_code, expiration_date, img_src) values ('천연/발효조미료',1,1010101,365, 'https://goumunity.s3.ap-northeast-2.amazonaws.com/category-detail/1010101.png');
insert into tbl_category_detail(name, category_big_id, kan_code, expiration_date, img_src) values ('식초',1,1010102,3650, 'https://goumunity.s3.ap-northeast-2.amazonaws.com/category-detail/1010102.png');
insert into tbl_category_detail(name, category_big_id, kan_code, expiration_date, img_src) values ('천일염',1,1010103,3650, 'https://goumunity.s3.ap-northeast-2.amazonaws.com/category-detail/1010103.png');
insert into tbl_category_detail(name, category_big_id, kan_code, expiration_date, img_src) values ('가공염',1,1010104,3650, 'https://goumunity.s3.ap-northeast-2.amazonaws.com/category-detail/1010104.png');
insert into tbl_category_detail(name, category_big_id, kan_code, expiration_date, img_src) values ('설탕',1,1010105,3650, 'https://goumunity.s3.ap-northeast-2.amazonaws.com/category-detail/1010105.png');
insert into tbl_category_detail(name, category_big_id, kan_code, expiration_date, img_src) values ('요리주',1,1010106,3650, 'https://goumunity.s3.ap-northeast-2.amazonaws.com/category-detail/1010106.png');
insert into tbl_category_detail(name, category_big_id, kan_code, expiration_date, img_src) values ('물엿',1,1010107,730, 'https://goumunity.s3.ap-northeast-2.amazonaws.com/category-detail/1010107.png');
insert into tbl_category_detail(name, category_big_id, kan_code, expiration_date, img_src) values ('육수',1,1010108,365, 'https://goumunity.s3.ap-northeast-2.amazonaws.com/category-detail/1010108.png');
insert into tbl_category_detail(name, category_big_id, kan_code, expiration_date, img_src) values ('요리용양념장',1,1010109,180, 'https://goumunity.s3.ap-northeast-2.amazonaws.com/category-detail/1010109.png');
insert into tbl_category_detail(name, category_big_id, kan_code, expiration_date, img_src) values ('시럽류',1,1010110,365, 'https://goumunity.s3.ap-northeast-2.amazonaws.com/category-detail/1010110.png');
insert into tbl_category_detail(name, category_big_id, kan_code, expiration_date, img_src) values ('기타조미료',1,1010199,0, 'https://goumunity.s3.ap-northeast-2.amazonaws.com/category-detail/1010199.png');
insert into tbl_category_detail(name, category_big_id, kan_code, expiration_date, img_src) values ('케첩',1,1010201,270, 'https://goumunity.s3.ap-northeast-2.amazonaws.com/category-detail/1010201.png');
insert into tbl_category_detail(name, category_big_id, kan_code, expiration_date, img_src) values ('마요네즈',1,1010202,180, 'https://goumunity.s3.ap-northeast-2.amazonaws.com/category-detail/1010202.png');
insert into tbl_category_detail(name, category_big_id, kan_code, expiration_date, img_src) values ('드레싱',1,1010203,90, 'https://goumunity.s3.ap-northeast-2.amazonaws.com/category-detail/1010203.png');
insert into tbl_category_detail(name, category_big_id, kan_code, expiration_date, img_src) values ('소스',1,1010204,120, 'https://goumunity.s3.ap-northeast-2.amazonaws.com/category-detail/1010204.png');
insert into tbl_category_detail(name, category_big_id, kan_code, expiration_date, img_src) values ('간장',1,1010301,540, 'https://goumunity.s3.ap-northeast-2.amazonaws.com/category-detail/1010301.png');
insert into tbl_category_detail(name, category_big_id, kan_code, expiration_date, img_src) values ('된장',1,1010302,540, 'https://goumunity.s3.ap-northeast-2.amazonaws.com/category-detail/1010302.png');
insert into tbl_category_detail(name, category_big_id, kan_code, expiration_date, img_src) values ('고추장',1,1010303,540, 'https://goumunity.s3.ap-northeast-2.amazonaws.com/category-detail/1010303.png');
insert into tbl_category_detail(name, category_big_id, kan_code, expiration_date, img_src) values ('초고추장',1,1010304,365, 'https://goumunity.s3.ap-northeast-2.amazonaws.com/category-detail/1010304.png');
insert into tbl_category_detail(name, category_big_id, kan_code, expiration_date, img_src) values ('춘장(짜장)',1,1010305,365, 'https://goumunity.s3.ap-northeast-2.amazonaws.com/category-detail/1010305.png');
insert into tbl_category_detail(name, category_big_id, kan_code, expiration_date, img_src) values ('청국장',1,1010306,365, 'https://goumunity.s3.ap-northeast-2.amazonaws.com/category-detail/1010306.png');
insert into tbl_category_detail(name, category_big_id, kan_code, expiration_date, img_src) values ('쌈장',1,1010307,365, 'https://goumunity.s3.ap-northeast-2.amazonaws.com/category-detail/1010307.png');
insert into tbl_category_detail(name, category_big_id, kan_code, expiration_date, img_src) values ('메주',1,1010308,365, 'https://goumunity.s3.ap-northeast-2.amazonaws.com/category-detail/1010308.png');
insert into tbl_category_detail(name, category_big_id, kan_code, expiration_date, img_src) values ('양념장',1,1010309,365, 'https://goumunity.s3.ap-northeast-2.amazonaws.com/category-detail/1010309.png');
insert into tbl_category_detail(name, category_big_id, kan_code, expiration_date, img_src) values ('낫토',1,1010310,365, 'https://goumunity.s3.ap-northeast-2.amazonaws.com/category-detail/1010310.png');
insert into tbl_category_detail(name, category_big_id, kan_code, expiration_date, img_src) values ('기타장류',1,1010399,365, 'https://goumunity.s3.ap-northeast-2.amazonaws.com/category-detail/1010399.png');
insert into tbl_category_detail(name, category_big_id, kan_code, expiration_date, img_src) values ('고추가루',1,1010401,365, 'https://goumunity.s3.ap-northeast-2.amazonaws.com/category-detail/1010401.png');
insert into tbl_category_detail(name, category_big_id, kan_code, expiration_date, img_src) values ('후추',1,1010402,730, 'https://goumunity.s3.ap-northeast-2.amazonaws.com/category-detail/1010402.png');
insert into tbl_category_detail(name, category_big_id, kan_code, expiration_date, img_src) values ('겨자',1,1010403,365, 'https://goumunity.s3.ap-northeast-2.amazonaws.com/category-detail/1010403.png');
insert into tbl_category_detail(name, category_big_id, kan_code, expiration_date, img_src) values ('계피',1,1010404,730, 'https://goumunity.s3.ap-northeast-2.amazonaws.com/category-detail/1010404.png');
insert into tbl_category_detail(name, category_big_id, kan_code, expiration_date, img_src) values ('와사비',1,1010405,180, 'https://goumunity.s3.ap-northeast-2.amazonaws.com/category-detail/1010405.png');
insert into tbl_category_detail(name, category_big_id, kan_code, expiration_date, img_src) values ('마늘분말',1,1010406,365, 'https://goumunity.s3.ap-northeast-2.amazonaws.com/category-detail/1010406.png');
insert into tbl_category_detail(name, category_big_id, kan_code, expiration_date, img_src) values ('생강분말',1,1010407,730, 'https://goumunity.s3.ap-northeast-2.amazonaws.com/category-detail/1010407.png');
insert into tbl_category_detail(name, category_big_id, kan_code, expiration_date, img_src) values ('허브가루',1,1010408,730, 'https://goumunity.s3.ap-northeast-2.amazonaws.com/category-detail/1010408.png');
insert into tbl_category_detail(name, category_big_id, kan_code, expiration_date, img_src) values ('녹차가루',1,1010409,730, 'https://goumunity.s3.ap-northeast-2.amazonaws.com/category-detail/1010409.png');
insert into tbl_category_detail(name, category_big_id, kan_code, expiration_date, img_src) values ('깨',1,1010410,365, 'https://goumunity.s3.ap-northeast-2.amazonaws.com/category-detail/1010410.png');
insert into tbl_category_detail(name, category_big_id, kan_code, expiration_date, img_src) values ('기타향신료',1,1010499,0, 'https://goumunity.s3.ap-northeast-2.amazonaws.com/category-detail/1010499.png');
insert into tbl_category_detail(name, category_big_id, kan_code, expiration_date, img_src) values ('참기름',1,1010501,365, 'https://goumunity.s3.ap-northeast-2.amazonaws.com/category-detail/1010501.png');
insert into tbl_category_detail(name, category_big_id, kan_code, expiration_date, img_src) values ('콩기름(대두유)',1,1010502,540, 'https://goumunity.s3.ap-northeast-2.amazonaws.com/category-detail/1010502.png');
insert into tbl_category_detail(name, category_big_id, kan_code, expiration_date, img_src) values ('옥수수기름(옥배유)',1,1010503,730, 'https://goumunity.s3.ap-northeast-2.amazonaws.com/category-detail/1010503.png');
insert into tbl_category_detail(name, category_big_id, kan_code, expiration_date, img_src) values ('유채씨유(카놀라유)',1,1010504,730, 'https://goumunity.s3.ap-northeast-2.amazonaws.com/category-detail/1010504.png');
insert into tbl_category_detail(name, category_big_id, kan_code, expiration_date, img_src) values ('현미유',1,1010505,540, 'https://goumunity.s3.ap-northeast-2.amazonaws.com/category-detail/1010505.png');
insert into tbl_category_detail(name, category_big_id, kan_code, expiration_date, img_src) values ('고추씨기름',1,1010506,365, 'https://goumunity.s3.ap-northeast-2.amazonaws.com/category-detail/1010506.png');
insert into tbl_category_detail(name, category_big_id, kan_code, expiration_date, img_src) values ('혼합식용유',1,1010507,540, 'https://goumunity.s3.ap-northeast-2.amazonaws.com/category-detail/1010507.png');
insert into tbl_category_detail(name, category_big_id, kan_code, expiration_date, img_src) values ('마가린',1,1010508,180, 'https://goumunity.s3.ap-northeast-2.amazonaws.com/category-detail/1010508.png');
insert into tbl_category_detail(name, category_big_id, kan_code, expiration_date, img_src) values ('들기름',1,1010509,365, 'https://goumunity.s3.ap-northeast-2.amazonaws.com/category-detail/1010509.png');
insert into tbl_category_detail(name, category_big_id, kan_code, expiration_date, img_src) values ('해바라기유',1,1010510,365, 'https://goumunity.s3.ap-northeast-2.amazonaws.com/category-detail/1010510.png');
insert into tbl_category_detail(name, category_big_id, kan_code, expiration_date, img_src) values ('포도씨유',1,1010511,365, 'https://goumunity.s3.ap-northeast-2.amazonaws.com/category-detail/1010511.png');
insert into tbl_category_detail(name, category_big_id, kan_code, expiration_date, img_src) values ('올리브유',1,1010512,730, 'https://goumunity.s3.ap-northeast-2.amazonaws.com/category-detail/1010512.png');
insert into tbl_category_detail(name, category_big_id, kan_code, expiration_date, img_src) values ('코코넛오일',1,1010513,730, 'https://goumunity.s3.ap-northeast-2.amazonaws.com/category-detail/1010513.png');
insert into tbl_category_detail(name, category_big_id, kan_code, expiration_date, img_src) values ('기타식용유지',1,1010599,365, 'https://goumunity.s3.ap-northeast-2.amazonaws.com/category-detail/1010599.png');
insert into tbl_category_detail(name, category_big_id, kan_code, expiration_date, img_src) values ('일반우유',2,1020101,45, 'https://goumunity.s3.ap-northeast-2.amazonaws.com/category-detail/1020101.png');
insert into tbl_category_detail(name, category_big_id, kan_code, expiration_date, img_src) values ('기능성우유',2,1020102,45, 'https://goumunity.s3.ap-northeast-2.amazonaws.com/category-detail/1020102.png');
insert into tbl_category_detail(name, category_big_id, kan_code, expiration_date, img_src) values ('연유',2,1020103,180, 'https://goumunity.s3.ap-northeast-2.amazonaws.com/category-detail/1020103.png');
insert into tbl_category_detail(name, category_big_id, kan_code, expiration_date, img_src) values ('기타우유',2,1020199,45, 'https://goumunity.s3.ap-northeast-2.amazonaws.com/category-detail/1020199.png');
insert into tbl_category_detail(name, category_big_id, kan_code, expiration_date, img_src) values ('액상요구르트',2,1020201,30, 'https://goumunity.s3.ap-northeast-2.amazonaws.com/category-detail/1020201.png');
insert into tbl_category_detail(name, category_big_id, kan_code, expiration_date, img_src) values ('기타요구르트',2,1020299,30, 'https://goumunity.s3.ap-northeast-2.amazonaws.com/category-detail/1020299.png');
insert into tbl_category_detail(name, category_big_id, kan_code, expiration_date, img_src) values ('크림',2,1020301,30, 'https://goumunity.s3.ap-northeast-2.amazonaws.com/category-detail/1020301.png');
insert into tbl_category_detail(name, category_big_id, kan_code, expiration_date, img_src) values ('버터',2,1020302,120, 'https://goumunity.s3.ap-northeast-2.amazonaws.com/category-detail/1020302.png');
insert into tbl_category_detail(name, category_big_id, kan_code, expiration_date, img_src) values ('치즈류',2,1020303,90, 'https://goumunity.s3.ap-northeast-2.amazonaws.com/category-detail/1020303.png');
insert into tbl_category_detail(name, category_big_id, kan_code, expiration_date, img_src) values ('기타유가공품',2,1020399,0, 'https://goumunity.s3.ap-northeast-2.amazonaws.com/category-detail/1020399.png');
insert into tbl_category_detail(name, category_big_id, kan_code, expiration_date, img_src) values ('소시지',3,1030101,30, 'https://goumunity.s3.ap-northeast-2.amazonaws.com/category-detail/1030101.png');
insert into tbl_category_detail(name, category_big_id, kan_code, expiration_date, img_src) values ('햄',3,1030102,30, 'https://goumunity.s3.ap-northeast-2.amazonaws.com/category-detail/1030102.png');
insert into tbl_category_detail(name, category_big_id, kan_code, expiration_date, img_src) values ('베이컨',3,1030201,16, 'https://goumunity.s3.ap-northeast-2.amazonaws.com/category-detail/1030201.png');
insert into tbl_category_detail(name, category_big_id, kan_code, expiration_date, img_src) values ('육포',3,1030202,180, 'https://goumunity.s3.ap-northeast-2.amazonaws.com/category-detail/1030202.png');
insert into tbl_category_detail(name, category_big_id, kan_code, expiration_date, img_src) values ('바비큐',3,1030203,7, 'https://goumunity.s3.ap-northeast-2.amazonaws.com/category-detail/1030203.png');
insert into tbl_category_detail(name, category_big_id, kan_code, expiration_date, img_src) values ('갈비찜',3,1030204,7, 'https://goumunity.s3.ap-northeast-2.amazonaws.com/category-detail/1030204.png');
insert into tbl_category_detail(name, category_big_id, kan_code, expiration_date, img_src) values ('족발',3,1030205,35, 'https://goumunity.s3.ap-northeast-2.amazonaws.com/category-detail/1030205.png');
insert into tbl_category_detail(name, category_big_id, kan_code, expiration_date, img_src) values ('훈제오리',3,1030206,45, 'https://goumunity.s3.ap-northeast-2.amazonaws.com/category-detail/1030206.png');
insert into tbl_category_detail(name, category_big_id, kan_code, expiration_date, img_src) values ('돈가스',3,1030207,7, 'https://goumunity.s3.ap-northeast-2.amazonaws.com/category-detail/1030207.png');
insert into tbl_category_detail(name, category_big_id, kan_code, expiration_date, img_src) values ('돈육훈제',3,1030208,45, 'https://goumunity.s3.ap-northeast-2.amazonaws.com/category-detail/1030208.png');
insert into tbl_category_detail(name, category_big_id, kan_code, expiration_date, img_src) values ('돼지양념육',3,1030209,7, 'https://goumunity.s3.ap-northeast-2.amazonaws.com/category-detail/1030209.png');
insert into tbl_category_detail(name, category_big_id, kan_code, expiration_date, img_src) values ('쇠고기양념육',3,1030210,10, 'https://goumunity.s3.ap-northeast-2.amazonaws.com/category-detail/1030210.png');
insert into tbl_category_detail(name, category_big_id, kan_code, expiration_date, img_src) values ('닭양념육',3,1030211,7, 'https://goumunity.s3.ap-northeast-2.amazonaws.com/category-detail/1030211.png');
insert into tbl_category_detail(name, category_big_id, kan_code, expiration_date, img_src) values ('오리양념육',3,1030212,7, 'https://goumunity.s3.ap-northeast-2.amazonaws.com/category-detail/1030212.png');
insert into tbl_category_detail(name, category_big_id, kan_code, expiration_date, img_src) values ('떡갈비',3,1030213,7, 'https://goumunity.s3.ap-northeast-2.amazonaws.com/category-detail/1030213.png');
insert into tbl_category_detail(name, category_big_id, kan_code, expiration_date, img_src) values ('편육',3,1030214,10, 'https://goumunity.s3.ap-northeast-2.amazonaws.com/category-detail/1030214.png');
insert into tbl_category_detail(name, category_big_id, kan_code, expiration_date, img_src) values ('폭립',3,1030215,7, 'https://goumunity.s3.ap-northeast-2.amazonaws.com/category-detail/1030215.png');
insert into tbl_category_detail(name, category_big_id, kan_code, expiration_date, img_src) values ('순대',3,1030216,60, 'https://goumunity.s3.ap-northeast-2.amazonaws.com/category-detail/1030216.png');
insert into tbl_category_detail(name, category_big_id, kan_code, expiration_date, img_src) values ('삼계탕',3,1030217,10, 'https://goumunity.s3.ap-northeast-2.amazonaws.com/category-detail/1030217.png');
insert into tbl_category_detail(name, category_big_id, kan_code, expiration_date, img_src) values ('닭가공품',3,1030218,10, 'https://goumunity.s3.ap-northeast-2.amazonaws.com/category-detail/1030218.png');
insert into tbl_category_detail(name, category_big_id, kan_code, expiration_date, img_src) values ('오리가공품',3,1030219,10, 'https://goumunity.s3.ap-northeast-2.amazonaws.com/category-detail/1030219.png');
insert into tbl_category_detail(name, category_big_id, kan_code, expiration_date, img_src) values ('기타육가공',3,1039999,0, 'https://goumunity.s3.ap-northeast-2.amazonaws.com/category-detail/1039999.png');
insert into tbl_category_detail(name, category_big_id, kan_code, expiration_date, img_src) values ('오징어',4,1040101,0, 'https://goumunity.s3.ap-northeast-2.amazonaws.com/category-detail/1040101.png');
insert into tbl_category_detail(name, category_big_id, kan_code, expiration_date, img_src) values ('쥐포',4,1040102,365, 'https://goumunity.s3.ap-northeast-2.amazonaws.com/category-detail/1040102.png');
insert into tbl_category_detail(name, category_big_id, kan_code, expiration_date, img_src) values ('멸치',4,1040103,365, 'https://goumunity.s3.ap-northeast-2.amazonaws.com/category-detail/1040103.png');
insert into tbl_category_detail(name, category_big_id, kan_code, expiration_date, img_src) values ('건새우',4,1040104,365, 'https://goumunity.s3.ap-northeast-2.amazonaws.com/category-detail/1040104.png');
insert into tbl_category_detail(name, category_big_id, kan_code, expiration_date, img_src) values ('한치',4,1040105,5, 'https://goumunity.s3.ap-northeast-2.amazonaws.com/category-detail/1040105.png');
insert into tbl_category_detail(name, category_big_id, kan_code, expiration_date, img_src) values ('문어',4,1040106,5, 'https://goumunity.s3.ap-northeast-2.amazonaws.com/category-detail/1040106.png');
insert into tbl_category_detail(name, category_big_id, kan_code, expiration_date, img_src) values ('과메기',4,1040107,5, 'https://goumunity.s3.ap-northeast-2.amazonaws.com/category-detail/1040107.png');
insert into tbl_category_detail(name, category_big_id, kan_code, expiration_date, img_src) values ('노가리',4,1040108,365, 'https://goumunity.s3.ap-northeast-2.amazonaws.com/category-detail/1040108.png');
insert into tbl_category_detail(name, category_big_id, kan_code, expiration_date, img_src) values ('진미채',4,1040109,180, 'https://goumunity.s3.ap-northeast-2.amazonaws.com/category-detail/1040109.png');
insert into tbl_category_detail(name, category_big_id, kan_code, expiration_date, img_src) values ('황태',4,1040110,365, 'https://goumunity.s3.ap-northeast-2.amazonaws.com/category-detail/1040110.png');
insert into tbl_category_detail(name, category_big_id, kan_code, expiration_date, img_src) values ('기타건포류',4,1040199,0, 'https://goumunity.s3.ap-northeast-2.amazonaws.com/category-detail/1040199.png');
insert into tbl_category_detail(name, category_big_id, kan_code, expiration_date, img_src) values ('김',4,1040201,365, 'https://goumunity.s3.ap-northeast-2.amazonaws.com/category-detail/1040201.png');
insert into tbl_category_detail(name, category_big_id, kan_code, expiration_date, img_src) values ('미역',4,1040202,365, 'https://goumunity.s3.ap-northeast-2.amazonaws.com/category-detail/1040202.png');
insert into tbl_category_detail(name, category_big_id, kan_code, expiration_date, img_src) values ('한천',4,1040203,730, 'https://goumunity.s3.ap-northeast-2.amazonaws.com/category-detail/1040203.png');
insert into tbl_category_detail(name, category_big_id, kan_code, expiration_date, img_src) values ('다시마',4,1040204,730, 'https://goumunity.s3.ap-northeast-2.amazonaws.com/category-detail/1040204.png');
insert into tbl_category_detail(name, category_big_id, kan_code, expiration_date, img_src) values ('매생이',4,1040205,365, 'https://goumunity.s3.ap-northeast-2.amazonaws.com/category-detail/1040205.png');
insert into tbl_category_detail(name, category_big_id, kan_code, expiration_date, img_src) values ('해초샐러드',4,1040206,180, 'https://goumunity.s3.ap-northeast-2.amazonaws.com/category-detail/1040206.png');
insert into tbl_category_detail(name, category_big_id, kan_code, expiration_date, img_src) values ('기타해조류',4,1040299,0, 'https://goumunity.s3.ap-northeast-2.amazonaws.com/category-detail/1040299.png');
insert into tbl_category_detail(name, category_big_id, kan_code, expiration_date, img_src) values ('기타수산가공식품',4,1049999,0, 'https://goumunity.s3.ap-northeast-2.amazonaws.com/category-detail/1049999.png');
insert into tbl_category_detail(name, category_big_id, kan_code, expiration_date, img_src) values ('중면/소면/세면',5,1050101,730, 'https://goumunity.s3.ap-northeast-2.amazonaws.com/category-detail/1050101.png');
insert into tbl_category_detail(name, category_big_id, kan_code, expiration_date, img_src) values ('당면',5,1050102,1095, 'https://goumunity.s3.ap-northeast-2.amazonaws.com/category-detail/1050102.png');
insert into tbl_category_detail(name, category_big_id, kan_code, expiration_date, img_src) values ('냉면',5,1050103,240, 'https://goumunity.s3.ap-northeast-2.amazonaws.com/category-detail/1050103.png');
insert into tbl_category_detail(name, category_big_id, kan_code, expiration_date, img_src) values ('칼국수면',5,1050104,365, 'https://goumunity.s3.ap-northeast-2.amazonaws.com/category-detail/1050104.png');
insert into tbl_category_detail(name, category_big_id, kan_code, expiration_date, img_src) values ('쫄면',5,1050105,365, 'https://goumunity.s3.ap-northeast-2.amazonaws.com/category-detail/1050105.png');
insert into tbl_category_detail(name, category_big_id, kan_code, expiration_date, img_src) values ('짜장면/짬뽕면',5,1050106,365, 'https://goumunity.s3.ap-northeast-2.amazonaws.com/category-detail/1050106.png');
insert into tbl_category_detail(name, category_big_id, kan_code, expiration_date, img_src) values ('메밀면',5,1050107,365, 'https://goumunity.s3.ap-northeast-2.amazonaws.com/category-detail/1050107.png');
insert into tbl_category_detail(name, category_big_id, kan_code, expiration_date, img_src) values ('우동면/숙면',5,1050108,365, 'https://goumunity.s3.ap-northeast-2.amazonaws.com/category-detail/1050108.png');
insert into tbl_category_detail(name, category_big_id, kan_code, expiration_date, img_src) values ('콩국수면',5,1050109,365, 'https://goumunity.s3.ap-northeast-2.amazonaws.com/category-detail/1050109.png');
insert into tbl_category_detail(name, category_big_id, kan_code, expiration_date, img_src) values ('쌀국수',5,1050111,270, 'https://goumunity.s3.ap-northeast-2.amazonaws.com/category-detail/1050111.png');
insert into tbl_category_detail(name, category_big_id, kan_code, expiration_date, img_src) values ('파스타면',5,1050112,730, 'https://goumunity.s3.ap-northeast-2.amazonaws.com/category-detail/1050112.png');
insert into tbl_category_detail(name, category_big_id, kan_code, expiration_date, img_src) values ('기타면류',5,1050199,0, 'https://goumunity.s3.ap-northeast-2.amazonaws.com/category-detail/1050199.png');
insert into tbl_category_detail(name, category_big_id, kan_code, expiration_date, img_src) values ('수제비',5,1059901,365, 'https://goumunity.s3.ap-northeast-2.amazonaws.com/category-detail/1059901.png');
insert into tbl_category_detail(name, category_big_id, kan_code, expiration_date, img_src) values ('떡국떡/떡볶이떡',5,1059903,60, 'https://goumunity.s3.ap-northeast-2.amazonaws.com/category-detail/1059903.png');
insert into tbl_category_detail(name, category_big_id, kan_code, expiration_date, img_src) values ('라이스페이퍼/또띠아피/춘권피',5,1059904,730, 'https://goumunity.s3.ap-northeast-2.amazonaws.com/category-detail/1059904.png');
insert into tbl_category_detail(name, category_big_id, kan_code, expiration_date, img_src) values ('만두피',5,1059905,7, 'https://goumunity.s3.ap-northeast-2.amazonaws.com/category-detail/1059905.png');
insert into tbl_category_detail(name, category_big_id, kan_code, expiration_date, img_src) values ('기타대용식',5,1059999,0, 'https://goumunity.s3.ap-northeast-2.amazonaws.com/category-detail/1059999.png');
insert into tbl_category_detail(name, category_big_id, kan_code, expiration_date, img_src) values ('과일류',6,1060101,3650, 'https://goumunity.s3.ap-northeast-2.amazonaws.com/category-detail/1060101.png');
insert into tbl_category_detail(name, category_big_id, kan_code, expiration_date, img_src) values ('잼류/스프레드류',6,1060102,3650, 'https://goumunity.s3.ap-northeast-2.amazonaws.com/category-detail/1060102.png');
insert into tbl_category_detail(name, category_big_id, kan_code, expiration_date, img_src) values ('야채류(옥수수/콩 등)',6,1060103,3650, 'https://goumunity.s3.ap-northeast-2.amazonaws.com/category-detail/1060103.png');
insert into tbl_category_detail(name, category_big_id, kan_code, expiration_date, img_src) values ('농산물반찬통조림',6,1060104,3650, 'https://goumunity.s3.ap-northeast-2.amazonaws.com/category-detail/1060104.png');
insert into tbl_category_detail(name, category_big_id, kan_code, expiration_date, img_src) values ('기타농산물통조림/병',6,1060199,3650, 'https://goumunity.s3.ap-northeast-2.amazonaws.com/category-detail/1060199.png');
insert into tbl_category_detail(name, category_big_id, kan_code, expiration_date, img_src) values ('참치',6,1060201,3650, 'https://goumunity.s3.ap-northeast-2.amazonaws.com/category-detail/1060201.png');
insert into tbl_category_detail(name, category_big_id, kan_code, expiration_date, img_src) values ('골뱅이',6,1060202,3650, 'https://goumunity.s3.ap-northeast-2.amazonaws.com/category-detail/1060202.png');
insert into tbl_category_detail(name, category_big_id, kan_code, expiration_date, img_src) values ('꽁치/고등어',6,1060203,3650, 'https://goumunity.s3.ap-northeast-2.amazonaws.com/category-detail/1060203.png');
insert into tbl_category_detail(name, category_big_id, kan_code, expiration_date, img_src) values ('연어',6,1060204,3650, 'https://goumunity.s3.ap-northeast-2.amazonaws.com/category-detail/1060204.png');
insert into tbl_category_detail(name, category_big_id, kan_code, expiration_date, img_src) values ('장조림',6,1060205,3650, 'https://goumunity.s3.ap-northeast-2.amazonaws.com/category-detail/1060205.png');
insert into tbl_category_detail(name, category_big_id, kan_code, expiration_date, img_src) values ('기타수산물통조림',6,1060299,3650, 'https://goumunity.s3.ap-northeast-2.amazonaws.com/category-detail/1060299.png');
insert into tbl_category_detail(name, category_big_id, kan_code, expiration_date, img_src) values ('축산물통조림',6,1060301,3650, 'https://goumunity.s3.ap-northeast-2.amazonaws.com/category-detail/1060301.png');
insert into tbl_category_detail(name, category_big_id, kan_code, expiration_date, img_src) values ('햄통조림',6,1060302,3650, 'https://goumunity.s3.ap-northeast-2.amazonaws.com/category-detail/1060302.png');
insert into tbl_category_detail(name, category_big_id, kan_code, expiration_date, img_src) values ('축산물반찬통조림',6,1060303,3650, 'https://goumunity.s3.ap-northeast-2.amazonaws.com/category-detail/1060303.png');
insert into tbl_category_detail(name, category_big_id, kan_code, expiration_date, img_src) values ('기타통조림류',6,1069999,3650, 'https://goumunity.s3.ap-northeast-2.amazonaws.com/category-detail/1069999.png');
insert into tbl_category_detail(name, category_big_id, kan_code, expiration_date, img_src) values ('건과일/야채',7,1070101,365, 'https://goumunity.s3.ap-northeast-2.amazonaws.com/category-detail/1070101.png');
insert into tbl_category_detail(name, category_big_id, kan_code, expiration_date, img_src) values ('땅콩/견과류가공품',7,1070102,365, 'https://goumunity.s3.ap-northeast-2.amazonaws.com/category-detail/1070102.png');
insert into tbl_category_detail(name, category_big_id, kan_code, expiration_date, img_src) values ('한약재류',7,1070103,1095, 'https://goumunity.s3.ap-northeast-2.amazonaws.com/category-detail/1070103.png');
insert into tbl_category_detail(name, category_big_id, kan_code, expiration_date, img_src) values ('기타건식품',7,1070199,0, 'https://goumunity.s3.ap-northeast-2.amazonaws.com/category-detail/1070199.png');
insert into tbl_category_detail(name, category_big_id, kan_code, expiration_date, img_src) values ('기타농산가공식품',7,1079999,0, 'https://goumunity.s3.ap-northeast-2.amazonaws.com/category-detail/1079999.png');
insert into tbl_category_detail(name, category_big_id, kan_code, expiration_date, img_src) values ('냉동과일류',8,1080101,730, 'https://goumunity.s3.ap-northeast-2.amazonaws.com/category-detail/1080101.png');
insert into tbl_category_detail(name, category_big_id, kan_code, expiration_date, img_src) values ('냉동돈까스',8,1080102,270, 'https://goumunity.s3.ap-northeast-2.amazonaws.com/category-detail/1080102.png');
insert into tbl_category_detail(name, category_big_id, kan_code, expiration_date, img_src) values ('생선까스',8,1080103,270, 'https://goumunity.s3.ap-northeast-2.amazonaws.com/category-detail/1080103.png');
insert into tbl_category_detail(name, category_big_id, kan_code, expiration_date, img_src) values ('냉동스테이크/떡갈비/섭산적',8,1080104,180, 'https://goumunity.s3.ap-northeast-2.amazonaws.com/category-detail/1080104.png');
insert into tbl_category_detail(name, category_big_id, kan_code, expiration_date, img_src) values ('냉동치킨',8,1080105,730, 'https://goumunity.s3.ap-northeast-2.amazonaws.com/category-detail/1080105.png');
insert into tbl_category_detail(name, category_big_id, kan_code, expiration_date, img_src) values ('탕수육',8,1080106,270, 'https://goumunity.s3.ap-northeast-2.amazonaws.com/category-detail/1080106.png');
insert into tbl_category_detail(name, category_big_id, kan_code, expiration_date, img_src) values ('냉동해물/감자/야채튀김류',8,1080107,365, 'https://goumunity.s3.ap-northeast-2.amazonaws.com/category-detail/1080107.png');
insert into tbl_category_detail(name, category_big_id, kan_code, expiration_date, img_src) values ('해물완자/육류완자',8,1080108,365, 'https://goumunity.s3.ap-northeast-2.amazonaws.com/category-detail/1080108.png');
insert into tbl_category_detail(name, category_big_id, kan_code, expiration_date, img_src) values ('냉동동태포/대구포',8,1080109,365, 'https://goumunity.s3.ap-northeast-2.amazonaws.com/category-detail/1080109.png');
insert into tbl_category_detail(name, category_big_id, kan_code, expiration_date, img_src) values ('냉동새우/문어/게',8,1080110,365, 'https://goumunity.s3.ap-northeast-2.amazonaws.com/category-detail/1080110.png');
insert into tbl_category_detail(name, category_big_id, kan_code, expiration_date, img_src) values ('냉동포장생선류',8,1080111,365, 'https://goumunity.s3.ap-northeast-2.amazonaws.com/category-detail/1080111.png');
insert into tbl_category_detail(name, category_big_id, kan_code, expiration_date, img_src) values ('냉동포장해물모듬류',8,1080112,365, 'https://goumunity.s3.ap-northeast-2.amazonaws.com/category-detail/1080112.png');
insert into tbl_category_detail(name, category_big_id, kan_code, expiration_date, img_src) values ('냉동포장육/사골',8,1080113,365, 'https://goumunity.s3.ap-northeast-2.amazonaws.com/category-detail/1080113.png');
insert into tbl_category_detail(name, category_big_id, kan_code, expiration_date, img_src) values ('얼음류',8,1080114,3650, 'https://goumunity.s3.ap-northeast-2.amazonaws.com/category-detail/1080114.png');
insert into tbl_category_detail(name, category_big_id, kan_code, expiration_date, img_src) values ('기타냉동가공식품',8,1080199,0, 'https://goumunity.s3.ap-northeast-2.amazonaws.com/category-detail/1080199.png');
insert into tbl_category_detail(name, category_big_id, kan_code, expiration_date, img_src) values ('튜브아이스크림',8,1080301,365, 'https://goumunity.s3.ap-northeast-2.amazonaws.com/category-detail/1080301.png');
insert into tbl_category_detail(name, category_big_id, kan_code, expiration_date, img_src) values ('바아이스크림',8,1080302,365, 'https://goumunity.s3.ap-northeast-2.amazonaws.com/category-detail/1080302.png');
insert into tbl_category_detail(name, category_big_id, kan_code, expiration_date, img_src) values ('모나카',8,1080303,365, 'https://goumunity.s3.ap-northeast-2.amazonaws.com/category-detail/1080303.png');
insert into tbl_category_detail(name, category_big_id, kan_code, expiration_date, img_src) values ('콘/컵아이스크림',8,1080305,365, 'https://goumunity.s3.ap-northeast-2.amazonaws.com/category-detail/1080305.png');
insert into tbl_category_detail(name, category_big_id, kan_code, expiration_date, img_src) values ('기타아이스크림류',8,1080399,365, 'https://goumunity.s3.ap-northeast-2.amazonaws.com/category-detail/1080399.png');
insert into tbl_category_detail(name, category_big_id, kan_code, expiration_date, img_src) values ('기타냉동식품',8,1089999,0, 'https://goumunity.s3.ap-northeast-2.amazonaws.com/category-detail/1089999.png');
insert into tbl_category_detail(name, category_big_id, kan_code, expiration_date, img_src) values ('포기김치',9,1090101,60, 'https://goumunity.s3.ap-northeast-2.amazonaws.com/category-detail/1090101.png');
insert into tbl_category_detail(name, category_big_id, kan_code, expiration_date, img_src) values ('갓김치',9,1090102,60, 'https://goumunity.s3.ap-northeast-2.amazonaws.com/category-detail/1090102.png');
insert into tbl_category_detail(name, category_big_id, kan_code, expiration_date, img_src) values ('총각김치',9,1090103,60, 'https://goumunity.s3.ap-northeast-2.amazonaws.com/category-detail/1090103.png');
insert into tbl_category_detail(name, category_big_id, kan_code, expiration_date, img_src) values ('겉절이',9,1090104,60, 'https://goumunity.s3.ap-northeast-2.amazonaws.com/category-detail/1090104.png');
insert into tbl_category_detail(name, category_big_id, kan_code, expiration_date, img_src) values ('깍두기',9,1090105,60, 'https://goumunity.s3.ap-northeast-2.amazonaws.com/category-detail/1090105.png');
insert into tbl_category_detail(name, category_big_id, kan_code, expiration_date, img_src) values ('나박김치',9,1090106,30, 'https://goumunity.s3.ap-northeast-2.amazonaws.com/category-detail/1090106.png');
insert into tbl_category_detail(name, category_big_id, kan_code, expiration_date, img_src) values ('동치미',9,1090107,60, 'https://goumunity.s3.ap-northeast-2.amazonaws.com/category-detail/1090107.png');
insert into tbl_category_detail(name, category_big_id, kan_code, expiration_date, img_src) values ('묵은지',9,1090108,60, 'https://goumunity.s3.ap-northeast-2.amazonaws.com/category-detail/1090108.png');
insert into tbl_category_detail(name, category_big_id, kan_code, expiration_date, img_src) values ('백김치',9,1090109,30, 'https://goumunity.s3.ap-northeast-2.amazonaws.com/category-detail/1090109.png');
insert into tbl_category_detail(name, category_big_id, kan_code, expiration_date, img_src) values ('열무김치',9,1090110,60, 'https://goumunity.s3.ap-northeast-2.amazonaws.com/category-detail/1090110.png');
insert into tbl_category_detail(name, category_big_id, kan_code, expiration_date, img_src) values ('파김치',9,1090111,60, 'https://goumunity.s3.ap-northeast-2.amazonaws.com/category-detail/1090111.png');
insert into tbl_category_detail(name, category_big_id, kan_code, expiration_date, img_src) values ('별미김치',9,1090112,60, 'https://goumunity.s3.ap-northeast-2.amazonaws.com/category-detail/1090112.png');
insert into tbl_category_detail(name, category_big_id, kan_code, expiration_date, img_src) values ('절임배추',9,1090113,7, 'https://goumunity.s3.ap-northeast-2.amazonaws.com/category-detail/1090113.png');
insert into tbl_category_detail(name, category_big_id, kan_code, expiration_date, img_src) values ('기타김치류',9,1090199,60, 'https://goumunity.s3.ap-northeast-2.amazonaws.com/category-detail/1090199.png');
insert into tbl_category_detail(name, category_big_id, kan_code, expiration_date, img_src) values ('단무지/쌈무',9,1090201,90, 'https://goumunity.s3.ap-northeast-2.amazonaws.com/category-detail/1090201.png');
insert into tbl_category_detail(name, category_big_id, kan_code, expiration_date, img_src) values ('피클/할라피뇨',9,1090202,30, 'https://goumunity.s3.ap-northeast-2.amazonaws.com/category-detail/1090202.png');
insert into tbl_category_detail(name, category_big_id, kan_code, expiration_date, img_src) values ('장아찌류',9,1090203,60, 'https://goumunity.s3.ap-northeast-2.amazonaws.com/category-detail/1090203.png');
insert into tbl_category_detail(name, category_big_id, kan_code, expiration_date, img_src) values ('올리브',9,1090204,30, 'https://goumunity.s3.ap-northeast-2.amazonaws.com/category-detail/1090204.png');
insert into tbl_category_detail(name, category_big_id, kan_code, expiration_date, img_src) values ('절임류',9,1090205,30, 'https://goumunity.s3.ap-northeast-2.amazonaws.com/category-detail/1090205.png');
insert into tbl_category_detail(name, category_big_id, kan_code, expiration_date, img_src) values ('어장/해산물장',9,1090206,365, 'https://goumunity.s3.ap-northeast-2.amazonaws.com/category-detail/1090206.png');
insert into tbl_category_detail(name, category_big_id, kan_code, expiration_date, img_src) values ('기타절임식품',9,1090299,30, 'https://goumunity.s3.ap-northeast-2.amazonaws.com/category-detail/1090299.png');
insert into tbl_category_detail(name, category_big_id, kan_code, expiration_date, img_src) values ('새우젓',9,1090301,365, 'https://goumunity.s3.ap-northeast-2.amazonaws.com/category-detail/1090301.png');
insert into tbl_category_detail(name, category_big_id, kan_code, expiration_date, img_src) values ('멸치젓',9,1090302,365, 'https://goumunity.s3.ap-northeast-2.amazonaws.com/category-detail/1090302.png');
insert into tbl_category_detail(name, category_big_id, kan_code, expiration_date, img_src) values ('명란젓',9,1090303,180, 'https://goumunity.s3.ap-northeast-2.amazonaws.com/category-detail/1090303.png');
insert into tbl_category_detail(name, category_big_id, kan_code, expiration_date, img_src) values ('창난젓',9,1090304,180, 'https://goumunity.s3.ap-northeast-2.amazonaws.com/category-detail/1090304.png');
insert into tbl_category_detail(name, category_big_id, kan_code, expiration_date, img_src) values ('조개젓',9,1090305,365, 'https://goumunity.s3.ap-northeast-2.amazonaws.com/category-detail/1090305.png');
insert into tbl_category_detail(name, category_big_id, kan_code, expiration_date, img_src) values ('오징어젓',9,1090306,180, 'https://goumunity.s3.ap-northeast-2.amazonaws.com/category-detail/1090306.png');
insert into tbl_category_detail(name, category_big_id, kan_code, expiration_date, img_src) values ('어리굴젓',9,1090307,60, 'https://goumunity.s3.ap-northeast-2.amazonaws.com/category-detail/1090307.png');
insert into tbl_category_detail(name, category_big_id, kan_code, expiration_date, img_src) values ('갈치속젓',9,1090308,365, 'https://goumunity.s3.ap-northeast-2.amazonaws.com/category-detail/1090308.png');
insert into tbl_category_detail(name, category_big_id, kan_code, expiration_date, img_src) values ('까나리액젓',9,1090309,730, 'https://goumunity.s3.ap-northeast-2.amazonaws.com/category-detail/1090309.png');
insert into tbl_category_detail(name, category_big_id, kan_code, expiration_date, img_src) values ('멸치액젓',9,1090310,730, 'https://goumunity.s3.ap-northeast-2.amazonaws.com/category-detail/1090310.png');
insert into tbl_category_detail(name, category_big_id, kan_code, expiration_date, img_src) values ('낙지젓',9,1090311,180, 'https://goumunity.s3.ap-northeast-2.amazonaws.com/category-detail/1090311.png');
insert into tbl_category_detail(name, category_big_id, kan_code, expiration_date, img_src) values ('토하젓',9,1090312,365, 'https://goumunity.s3.ap-northeast-2.amazonaws.com/category-detail/1090312.png');
insert into tbl_category_detail(name, category_big_id, kan_code, expiration_date, img_src) values ('젓갈선물세트',9,1090314,180, 'https://goumunity.s3.ap-northeast-2.amazonaws.com/category-detail/1090314.png');
insert into tbl_category_detail(name, category_big_id, kan_code, expiration_date, img_src) values ('기타젓갈/액젓류',9,1090399,180, 'https://goumunity.s3.ap-northeast-2.amazonaws.com/category-detail/1090399.png');
insert into tbl_category_detail(name, category_big_id, kan_code, expiration_date, img_src) values ('어묵',10,1100101,42, 'https://goumunity.s3.ap-northeast-2.amazonaws.com/category-detail/1100101.png');
insert into tbl_category_detail(name, category_big_id, kan_code, expiration_date, img_src) values ('어육소시지',10,1100102,300, 'https://goumunity.s3.ap-northeast-2.amazonaws.com/category-detail/1100102.png');
insert into tbl_category_detail(name, category_big_id, kan_code, expiration_date, img_src) values ('맛살',10,1100103,30, 'https://goumunity.s3.ap-northeast-2.amazonaws.com/category-detail/1100103.png');
insert into tbl_category_detail(name, category_big_id, kan_code, expiration_date, img_src) values ('기타어육제품류',10,1100199,30, 'https://goumunity.s3.ap-northeast-2.amazonaws.com/category-detail/1100199.png');
insert into tbl_category_detail(name, category_big_id, kan_code, expiration_date, img_src) values ('두부',10,1100201,20, 'https://goumunity.s3.ap-northeast-2.amazonaws.com/category-detail/1100201.png');
insert into tbl_category_detail(name, category_big_id, kan_code, expiration_date, img_src) values ('유부',10,1100202,7, 'https://goumunity.s3.ap-northeast-2.amazonaws.com/category-detail/1100202.png');
insert into tbl_category_detail(name, category_big_id, kan_code, expiration_date, img_src) values ('묵류',10,1100203,10, 'https://goumunity.s3.ap-northeast-2.amazonaws.com/category-detail/1100203.png');
insert into tbl_category_detail(name, category_big_id, kan_code, expiration_date, img_src) values ('곤약',10,1100204,365, 'https://goumunity.s3.ap-northeast-2.amazonaws.com/category-detail/1100204.png');
insert into tbl_category_detail(name, category_big_id, kan_code, expiration_date, img_src) values ('기타연식품',10,1100299,7, 'https://goumunity.s3.ap-northeast-2.amazonaws.com/category-detail/1100299.png');
insert into tbl_category_detail(name, category_big_id, kan_code, expiration_date, img_src) values ('밀가루',11,1110102,365, 'https://goumunity.s3.ap-northeast-2.amazonaws.com/category-detail/1110102.png');
insert into tbl_category_detail(name, category_big_id, kan_code, expiration_date, img_src) values ('빵가루',11,1110103,365, 'https://goumunity.s3.ap-northeast-2.amazonaws.com/category-detail/1110103.png');
insert into tbl_category_detail(name, category_big_id, kan_code, expiration_date, img_src) values ('부침가루',11,1110104,365, 'https://goumunity.s3.ap-northeast-2.amazonaws.com/category-detail/1110104.png');
insert into tbl_category_detail(name, category_big_id, kan_code, expiration_date, img_src) values ('튀김가루',11,1110105,365, 'https://goumunity.s3.ap-northeast-2.amazonaws.com/category-detail/1110105.png');
insert into tbl_category_detail(name, category_big_id, kan_code, expiration_date, img_src) values ('도넛가루',11,1110106,365, 'https://goumunity.s3.ap-northeast-2.amazonaws.com/category-detail/1110106.png');
insert into tbl_category_detail(name, category_big_id, kan_code, expiration_date, img_src) values ('핫케익가루',11,1110107,365, 'https://goumunity.s3.ap-northeast-2.amazonaws.com/category-detail/1110107.png');
insert into tbl_category_detail(name, category_big_id, kan_code, expiration_date, img_src) values ('홈메이드믹스',11,1110108,365, 'https://goumunity.s3.ap-northeast-2.amazonaws.com/category-detail/1110108.png');
insert into tbl_category_detail(name, category_big_id, kan_code, expiration_date, img_src) values ('기타밀가루분말류',11,1110199,365, 'https://goumunity.s3.ap-northeast-2.amazonaws.com/category-detail/1110199.png');
insert into tbl_category_detail(name, category_big_id, kan_code, expiration_date, img_src) values ('분말카레',11,1110201,365, 'https://goumunity.s3.ap-northeast-2.amazonaws.com/category-detail/1110201.png');
insert into tbl_category_detail(name, category_big_id, kan_code, expiration_date, img_src) values ('분말스프',11,1110202,365, 'https://goumunity.s3.ap-northeast-2.amazonaws.com/category-detail/1110202.png');
insert into tbl_category_detail(name, category_big_id, kan_code, expiration_date, img_src) values ('분말짜장',11,1110203,365, 'https://goumunity.s3.ap-northeast-2.amazonaws.com/category-detail/1110203.png');
insert into tbl_category_detail(name, category_big_id, kan_code, expiration_date, img_src) values ('분말죽류',11,1110204,365, 'https://goumunity.s3.ap-northeast-2.amazonaws.com/category-detail/1110204.png');
insert into tbl_category_detail(name, category_big_id, kan_code, expiration_date, img_src) values ('기타소스분말류',11,1110299,365, 'https://goumunity.s3.ap-northeast-2.amazonaws.com/category-detail/1110299.png');
insert into tbl_category_detail(name, category_big_id, kan_code, expiration_date, img_src) values ('전분',11,1110301,730, 'https://goumunity.s3.ap-northeast-2.amazonaws.com/category-detail/1110301.png');
insert into tbl_category_detail(name, category_big_id, kan_code, expiration_date, img_src) values ('미숫가루',11,1110302,365, 'https://goumunity.s3.ap-northeast-2.amazonaws.com/category-detail/1110302.png');
insert into tbl_category_detail(name, category_big_id, kan_code, expiration_date, img_src) values ('콩가루',11,1110303,365, 'https://goumunity.s3.ap-northeast-2.amazonaws.com/category-detail/1110303.png');
insert into tbl_category_detail(name, category_big_id, kan_code, expiration_date, img_src) values ('찹쌀가루',11,1110304,365, 'https://goumunity.s3.ap-northeast-2.amazonaws.com/category-detail/1110304.png');
insert into tbl_category_detail(name, category_big_id, kan_code, expiration_date, img_src) values ('기타농산물분말류',11,1110399,365, 'https://goumunity.s3.ap-northeast-2.amazonaws.com/category-detail/1110399.png');
insert into tbl_category_detail(name, category_big_id, kan_code, expiration_date, img_src) values ('기타분말류',11,1119999,365, 'https://goumunity.s3.ap-northeast-2.amazonaws.com/category-detail/1119999.png');
insert into tbl_category_detail(name, category_big_id, kan_code, expiration_date, img_src) values ('즉석카레류',12,1120101,730, 'https://goumunity.s3.ap-northeast-2.amazonaws.com/category-detail/1120101.png');
insert into tbl_category_detail(name, category_big_id, kan_code, expiration_date, img_src) values ('즉석면류',12,1120102,180, 'https://goumunity.s3.ap-northeast-2.amazonaws.com/category-detail/1120102.png');
insert into tbl_category_detail(name, category_big_id, kan_code, expiration_date, img_src) values ('즉석스프',12,1120103,180, 'https://goumunity.s3.ap-northeast-2.amazonaws.com/category-detail/1120103.png');
insert into tbl_category_detail(name, category_big_id, kan_code, expiration_date, img_src) values ('즉석 죽/밥류',12,1120104,270, 'https://goumunity.s3.ap-northeast-2.amazonaws.com/category-detail/1120104.png');
insert into tbl_category_detail(name, category_big_id, kan_code, expiration_date, img_src) values ('즉석반찬류',12,1120105,7, 'https://goumunity.s3.ap-northeast-2.amazonaws.com/category-detail/1120105.png');
insert into tbl_category_detail(name, category_big_id, kan_code, expiration_date, img_src) values ('즉석탕류/식육제품류',12,1120106,365, 'https://goumunity.s3.ap-northeast-2.amazonaws.com/category-detail/1120106.png');
insert into tbl_category_detail(name, category_big_id, kan_code, expiration_date, img_src) values ('즉석국/찌개류',12,1120107,365, 'https://goumunity.s3.ap-northeast-2.amazonaws.com/category-detail/1120107.png');
insert into tbl_category_detail(name, category_big_id, kan_code, expiration_date, img_src) values ('기타즉석/조리식품',12,1120199,0, 'https://goumunity.s3.ap-northeast-2.amazonaws.com/category-detail/1120199.png');
insert into tbl_category_detail(name, category_big_id, kan_code, expiration_date, img_src) values ('김밥',12,1120201,1, 'https://goumunity.s3.ap-northeast-2.amazonaws.com/category-detail/1120201.png');
insert into tbl_category_detail(name, category_big_id, kan_code, expiration_date, img_src) values ('도시락류',12,1120202,1, 'https://goumunity.s3.ap-northeast-2.amazonaws.com/category-detail/1120202.png');
insert into tbl_category_detail(name, category_big_id, kan_code, expiration_date, img_src) values ('샐러드류',12,1120204,1, 'https://goumunity.s3.ap-northeast-2.amazonaws.com/category-detail/1120204.png');
insert into tbl_category_detail(name, category_big_id, kan_code, expiration_date, img_src) values ('시리얼',12,1120205,365, 'https://goumunity.s3.ap-northeast-2.amazonaws.com/category-detail/1120205.png');
insert into tbl_category_detail(name, category_big_id, kan_code, expiration_date, img_src) values ('기타편의식품',12,1120299,0, 'https://goumunity.s3.ap-northeast-2.amazonaws.com/category-detail/1120299.png');
insert into tbl_category_detail(name, category_big_id, kan_code, expiration_date, img_src) values ('만두류',12,1120301,365, 'https://goumunity.s3.ap-northeast-2.amazonaws.com/category-detail/1120301.png');
insert into tbl_category_detail(name, category_big_id, kan_code, expiration_date, img_src) values ('피자류',12,1120302,365, 'https://goumunity.s3.ap-northeast-2.amazonaws.com/category-detail/1120302.png');
insert into tbl_category_detail(name, category_big_id, kan_code, expiration_date, img_src) values ('핫도그류',12,1120303,365, 'https://goumunity.s3.ap-northeast-2.amazonaws.com/category-detail/1120303.png');
insert into tbl_category_detail(name, category_big_id, kan_code, expiration_date, img_src) values ('냉동면류',12,1120304,365, 'https://goumunity.s3.ap-northeast-2.amazonaws.com/category-detail/1120304.png');
insert into tbl_category_detail(name, category_big_id, kan_code, expiration_date, img_src) values ('냉동밥류',12,1120305,365, 'https://goumunity.s3.ap-northeast-2.amazonaws.com/category-detail/1120305.png');
insert into tbl_category_detail(name, category_big_id, kan_code, expiration_date, img_src) values ('기타냉동대용식',12,1120399,365, 'https://goumunity.s3.ap-northeast-2.amazonaws.com/category-detail/1120399.png');
insert into tbl_category_detail(name, category_big_id, kan_code, expiration_date, img_src) values ('봉지라면',12,1120401,180, 'https://goumunity.s3.ap-northeast-2.amazonaws.com/category-detail/1120401.png');
insert into tbl_category_detail(name, category_big_id, kan_code, expiration_date, img_src) values ('용기라면',12,1120402,180, 'https://goumunity.s3.ap-northeast-2.amazonaws.com/category-detail/1120402.png');
insert into tbl_category_detail(name, category_big_id, kan_code, expiration_date, img_src) values ('기타라면류',12,1120499,180, 'https://goumunity.s3.ap-northeast-2.amazonaws.com/category-detail/1120499.png');
insert into tbl_category_detail(name, category_big_id, kan_code, expiration_date, img_src) values ('분유(국내)',13,1140101,180, 'https://goumunity.s3.ap-northeast-2.amazonaws.com/category-detail/1140101.png');
insert into tbl_category_detail(name, category_big_id, kan_code, expiration_date, img_src) values ('분유(수입)',13,1140102,180, 'https://goumunity.s3.ap-northeast-2.amazonaws.com/category-detail/1140102.png');
insert into tbl_category_detail(name, category_big_id, kan_code, expiration_date, img_src) values ('분유(특수)',13,1140103,180, 'https://goumunity.s3.ap-northeast-2.amazonaws.com/category-detail/1140103.png');
insert into tbl_category_detail(name, category_big_id, kan_code, expiration_date, img_src) values ('이유식',13,1140104,10, 'https://goumunity.s3.ap-northeast-2.amazonaws.com/category-detail/1140104.png');
insert into tbl_category_detail(name, category_big_id, kan_code, expiration_date, img_src) values ('레토르트이유식',13,1140105,60, 'https://goumunity.s3.ap-northeast-2.amazonaws.com/category-detail/1140105.png');
insert into tbl_category_detail(name, category_big_id, kan_code, expiration_date, img_src) values ('반고형이유식',13,1140106,60, 'https://goumunity.s3.ap-northeast-2.amazonaws.com/category-detail/1140106.png');
insert into tbl_category_detail(name, category_big_id, kan_code, expiration_date, img_src) values ('분말이유식',13,1140107,60, 'https://goumunity.s3.ap-northeast-2.amazonaws.com/category-detail/1140107.png');
insert into tbl_category_detail(name, category_big_id, kan_code, expiration_date, img_src) values ('수제이유식(국/반찬)',13,1140108,10, 'https://goumunity.s3.ap-northeast-2.amazonaws.com/category-detail/1140108.png');
insert into tbl_category_detail(name, category_big_id, kan_code, expiration_date, img_src) values ('수제이유식(밥/죽)',13,1140109,10, 'https://goumunity.s3.ap-northeast-2.amazonaws.com/category-detail/1140109.png');
insert into tbl_category_detail(name, category_big_id, kan_code, expiration_date, img_src) values ('수제이유식(양념/식재료)',13,1140110,10, 'https://goumunity.s3.ap-northeast-2.amazonaws.com/category-detail/1140110.png');
insert into tbl_category_detail(name, category_big_id, kan_code, expiration_date, img_src) values ('수제이유식(기타수제이유식)',13,1140111,10, 'https://goumunity.s3.ap-northeast-2.amazonaws.com/category-detail/1140111.png');
insert into tbl_category_detail(name, category_big_id, kan_code, expiration_date, img_src) values ('유아두유',13,1140112,60, 'https://goumunity.s3.ap-northeast-2.amazonaws.com/category-detail/1140112.png');
insert into tbl_category_detail(name, category_big_id, kan_code, expiration_date, img_src) values ('기타영유아식',13,1140199,0, 'https://goumunity.s3.ap-northeast-2.amazonaws.com/category-detail/1140199.png');
insert into tbl_category_detail(name, category_big_id, kan_code, expiration_date, img_src) values ('영유아용과자',13,1140201,14, 'https://goumunity.s3.ap-northeast-2.amazonaws.com/category-detail/1140201.png');
insert into tbl_category_detail(name, category_big_id, kan_code, expiration_date, img_src) values ('영유아용음료',13,1140202,7, 'https://goumunity.s3.ap-northeast-2.amazonaws.com/category-detail/1140202.png');
insert into tbl_category_detail(name, category_big_id, kan_code, expiration_date, img_src) values ('기타영유아용간식',13,1140299,1, 'https://goumunity.s3.ap-northeast-2.amazonaws.com/category-detail/1140299.png');
insert into tbl_category_detail(name, category_big_id, kan_code, expiration_date, img_src) values ('꿀',14,1150101,3650, 'https://goumunity.s3.ap-northeast-2.amazonaws.com/category-detail/1150101.png');
insert into tbl_category_detail(name, category_big_id, kan_code, expiration_date, img_src) values ('선식',14,1150111,180, 'https://goumunity.s3.ap-northeast-2.amazonaws.com/category-detail/1150111.png');
insert into tbl_category_detail(name, category_big_id, kan_code, expiration_date, img_src) values ('자연식품',14,1150112,0, 'https://goumunity.s3.ap-northeast-2.amazonaws.com/category-detail/1150112.png');
insert into tbl_category_detail(name, category_big_id, kan_code, expiration_date, img_src) values ('홍삼/인삼제품',14,1150201,730, 'https://goumunity.s3.ap-northeast-2.amazonaws.com/category-detail/1150201.png');
insert into tbl_category_detail(name, category_big_id, kan_code, expiration_date, img_src) values ('기타건강보조식품',14,1150299,0, 'https://goumunity.s3.ap-northeast-2.amazonaws.com/category-detail/1150299.png');
insert into tbl_category_detail(name, category_big_id, kan_code, expiration_date, img_src) values ('건강기능식품',14,1150301,730, 'https://goumunity.s3.ap-northeast-2.amazonaws.com/category-detail/1150301.png');
insert into tbl_category_detail(name, category_big_id, kan_code, expiration_date, img_src) values ('다이어트식품',14,1150401,0, 'https://goumunity.s3.ap-northeast-2.amazonaws.com/category-detail/1150401.png');
insert into tbl_category_detail(name, category_big_id, kan_code, expiration_date, img_src) values ('어린이건강식품',14,1150501,0, 'https://goumunity.s3.ap-northeast-2.amazonaws.com/category-detail/1150501.png');
insert into tbl_category_detail(name, category_big_id, kan_code, expiration_date, img_src) values ('기타건강식품',14,1159999,0, 'https://goumunity.s3.ap-northeast-2.amazonaws.com/category-detail/1159999.png');
insert into tbl_category_detail(name, category_big_id, kan_code, expiration_date, img_src) values ('한과',15,1160101,180, 'https://goumunity.s3.ap-northeast-2.amazonaws.com/category-detail/1160101.png');
insert into tbl_category_detail(name, category_big_id, kan_code, expiration_date, img_src) values ('화과자',15,1160102,30, 'https://goumunity.s3.ap-northeast-2.amazonaws.com/category-detail/1160102.png');
insert into tbl_category_detail(name, category_big_id, kan_code, expiration_date, img_src) values ('스낵',15,1160201,80, 'https://goumunity.s3.ap-northeast-2.amazonaws.com/category-detail/1160201.png');
insert into tbl_category_detail(name, category_big_id, kan_code, expiration_date, img_src) values ('파이류',15,1160202,15, 'https://goumunity.s3.ap-northeast-2.amazonaws.com/category-detail/1160202.png');
insert into tbl_category_detail(name, category_big_id, kan_code, expiration_date, img_src) values ('쿠키류',15,1160203,180, 'https://goumunity.s3.ap-northeast-2.amazonaws.com/category-detail/1160203.png');
insert into tbl_category_detail(name, category_big_id, kan_code, expiration_date, img_src) values ('사탕',15,1160301,365, 'https://goumunity.s3.ap-northeast-2.amazonaws.com/category-detail/1160301.png');
insert into tbl_category_detail(name, category_big_id, kan_code, expiration_date, img_src) values ('젤리류',15,1160302,365, 'https://goumunity.s3.ap-northeast-2.amazonaws.com/category-detail/1160302.png');
insert into tbl_category_detail(name, category_big_id, kan_code, expiration_date, img_src) values ('껌류',15,1160303,365, 'https://goumunity.s3.ap-northeast-2.amazonaws.com/category-detail/1160303.png');
insert into tbl_category_detail(name, category_big_id, kan_code, expiration_date, img_src) values ('초콜릿류',15,1160304,365, 'https://goumunity.s3.ap-northeast-2.amazonaws.com/category-detail/1160304.png');
insert into tbl_category_detail(name, category_big_id, kan_code, expiration_date, img_src) values ('카라멜류',15,1160305,365, 'https://goumunity.s3.ap-northeast-2.amazonaws.com/category-detail/1160305.png');
insert into tbl_category_detail(name, category_big_id, kan_code, expiration_date, img_src) values ('과자세트류',15,1168801,80, 'https://goumunity.s3.ap-northeast-2.amazonaws.com/category-detail/1168801.png');
insert into tbl_category_detail(name, category_big_id, kan_code, expiration_date, img_src) values ('기타과자류',15,1169999,80, 'https://goumunity.s3.ap-northeast-2.amazonaws.com/category-detail/1169999.png');
insert into tbl_category_detail(name, category_big_id, kan_code, expiration_date, img_src) values ('콜라',16,1170401,365, 'https://goumunity.s3.ap-northeast-2.amazonaws.com/category-detail/1170401.png');
insert into tbl_category_detail(name, category_big_id, kan_code, expiration_date, img_src) values ('사이다',16,1170402,365, 'https://goumunity.s3.ap-northeast-2.amazonaws.com/category-detail/1170402.png');
insert into tbl_category_detail(name, category_big_id, kan_code, expiration_date, img_src) values ('과즙탄산음료',16,1170403,365, 'https://goumunity.s3.ap-northeast-2.amazonaws.com/category-detail/1170403.png');
insert into tbl_category_detail(name, category_big_id, kan_code, expiration_date, img_src) values ('착향탄산음료',16,1170406,365, 'https://goumunity.s3.ap-northeast-2.amazonaws.com/category-detail/1170406.png');
insert into tbl_category_detail(name, category_big_id, kan_code, expiration_date, img_src) values ('기타탄산음료',16,1170499,365, 'https://goumunity.s3.ap-northeast-2.amazonaws.com/category-detail/1170499.png');
insert into tbl_category_detail(name, category_big_id, kan_code, expiration_date, img_src) values ('천연과즙음료',16,1170501,365, 'https://goumunity.s3.ap-northeast-2.amazonaws.com/category-detail/1170501.png');
insert into tbl_category_detail(name, category_big_id, kan_code, expiration_date, img_src) values ('희석과즙음료',16,1170502,365, 'https://goumunity.s3.ap-northeast-2.amazonaws.com/category-detail/1170502.png');
insert into tbl_category_detail(name, category_big_id, kan_code, expiration_date, img_src) values ('야채음료',16,1170503,365, 'https://goumunity.s3.ap-northeast-2.amazonaws.com/category-detail/1170503.png');
insert into tbl_category_detail(name, category_big_id, kan_code, expiration_date, img_src) values ('혼합주스음료',16,1170504,365, 'https://goumunity.s3.ap-northeast-2.amazonaws.com/category-detail/1170504.png');
insert into tbl_category_detail(name, category_big_id, kan_code, expiration_date, img_src) values ('기타주스',16,1170599,365, 'https://goumunity.s3.ap-northeast-2.amazonaws.com/category-detail/1170599.png');
insert into tbl_category_detail(name, category_big_id, kan_code, expiration_date, img_src) values ('일반생수',16,1170601,365, 'https://goumunity.s3.ap-northeast-2.amazonaws.com/category-detail/1170601.png');
insert into tbl_category_detail(name, category_big_id, kan_code, expiration_date, img_src) values ('해양심층수',16,1170602,365, 'https://goumunity.s3.ap-northeast-2.amazonaws.com/category-detail/1170602.png');
insert into tbl_category_detail(name, category_big_id, kan_code, expiration_date, img_src) values ('탄산수',16,1170603,365, 'https://goumunity.s3.ap-northeast-2.amazonaws.com/category-detail/1170603.png');
insert into tbl_category_detail(name, category_big_id, kan_code, expiration_date, img_src) values ('기타생수',16,1170699,365, 'https://goumunity.s3.ap-northeast-2.amazonaws.com/category-detail/1170699.png');
insert into tbl_category_detail(name, category_big_id, kan_code, expiration_date, img_src) values ('스포츠/이온음료',16,1170701,365, 'https://goumunity.s3.ap-northeast-2.amazonaws.com/category-detail/1170701.png');
insert into tbl_category_detail(name, category_big_id, kan_code, expiration_date, img_src) values ('식이섬유음료',16,1170702,365, 'https://goumunity.s3.ap-northeast-2.amazonaws.com/category-detail/1170702.png');
insert into tbl_category_detail(name, category_big_id, kan_code, expiration_date, img_src) values ('올리고음료',16,1170703,365, 'https://goumunity.s3.ap-northeast-2.amazonaws.com/category-detail/1170703.png');
insert into tbl_category_detail(name, category_big_id, kan_code, expiration_date, img_src) values ('인삼/한약재음료',16,1170706,365, 'https://goumunity.s3.ap-northeast-2.amazonaws.com/category-detail/1170706.png');
insert into tbl_category_detail(name, category_big_id, kan_code, expiration_date, img_src) values ('숙취해소음료',16,1170707,365, 'https://goumunity.s3.ap-northeast-2.amazonaws.com/category-detail/1170707.png');
insert into tbl_category_detail(name, category_big_id, kan_code, expiration_date, img_src) values ('전통음료',16,1170708,365, 'https://goumunity.s3.ap-northeast-2.amazonaws.com/category-detail/1170708.png');
insert into tbl_category_detail(name, category_big_id, kan_code, expiration_date, img_src) values ('곡류음료',16,1170709,365, 'https://goumunity.s3.ap-northeast-2.amazonaws.com/category-detail/1170709.png');
insert into tbl_category_detail(name, category_big_id, kan_code, expiration_date, img_src) values ('두유',16,1170710,365, 'https://goumunity.s3.ap-northeast-2.amazonaws.com/category-detail/1170710.png');
insert into tbl_category_detail(name, category_big_id, kan_code, expiration_date, img_src) values ('기타기능성/건강음료',16,1170799,365, 'https://goumunity.s3.ap-northeast-2.amazonaws.com/category-detail/1170799.png');
insert into tbl_category_detail(name, category_big_id, kan_code, expiration_date, img_src) values ('기타음료류',16,1179999,365, 'https://goumunity.s3.ap-northeast-2.amazonaws.com/category-detail/1179999.png');
insert into tbl_category_detail(name, category_big_id, kan_code, expiration_date, img_src) values ('식빵',17,1200101,14, 'https://goumunity.s3.ap-northeast-2.amazonaws.com/category-detail/1200101.png');
insert into tbl_category_detail(name, category_big_id, kan_code, expiration_date, img_src) values ('조리빵',17,1200102,3, 'https://goumunity.s3.ap-northeast-2.amazonaws.com/category-detail/1200102.png');
insert into tbl_category_detail(name, category_big_id, kan_code, expiration_date, img_src) values ('도넛',17,1200103,3, 'https://goumunity.s3.ap-northeast-2.amazonaws.com/category-detail/1200103.png');
insert into tbl_category_detail(name, category_big_id, kan_code, expiration_date, img_src) values ('케익',17,1200104,3, 'https://goumunity.s3.ap-northeast-2.amazonaws.com/category-detail/1200104.png');
insert into tbl_category_detail(name, category_big_id, kan_code, expiration_date, img_src) values ('호빵/찐빵',17,1200105,7, 'https://goumunity.s3.ap-northeast-2.amazonaws.com/category-detail/1200105.png');
insert into tbl_category_detail(name, category_big_id, kan_code, expiration_date, img_src) values ('단팥/크림/소보루빵',17,1200106,2, 'https://goumunity.s3.ap-northeast-2.amazonaws.com/category-detail/1200106.png');
insert into tbl_category_detail(name, category_big_id, kan_code, expiration_date, img_src) values ('기타빵류',17,1200199,1, 'https://goumunity.s3.ap-northeast-2.amazonaws.com/category-detail/1200199.png');
insert into tbl_category_detail(name, category_big_id, kan_code, expiration_date, img_src) values ('시루떡류',17,1200201,1, 'https://goumunity.s3.ap-northeast-2.amazonaws.com/category-detail/1200201.png');
insert into tbl_category_detail(name, category_big_id, kan_code, expiration_date, img_src) values ('송편류',17,1200202,1, 'https://goumunity.s3.ap-northeast-2.amazonaws.com/category-detail/1200202.png');
insert into tbl_category_detail(name, category_big_id, kan_code, expiration_date, img_src) values ('인절미류',17,1200203,1, 'https://goumunity.s3.ap-northeast-2.amazonaws.com/category-detail/1200203.png');
insert into tbl_category_detail(name, category_big_id, kan_code, expiration_date, img_src) values ('절편류',17,1200204,2, 'https://goumunity.s3.ap-northeast-2.amazonaws.com/category-detail/1200204.png');
insert into tbl_category_detail(name, category_big_id, kan_code, expiration_date, img_src) values ('기타떡류',17,1200299,1, 'https://goumunity.s3.ap-northeast-2.amazonaws.com/category-detail/1200299.png');
insert into tbl_category_detail(name, category_big_id, kan_code, expiration_date, img_src) values ('로스팅원두커피',18,1210101,365, 'https://goumunity.s3.ap-northeast-2.amazonaws.com/category-detail/1210101.png');
insert into tbl_category_detail(name, category_big_id, kan_code, expiration_date, img_src) values ('머신캡슐커피',18,1210102,730, 'https://goumunity.s3.ap-northeast-2.amazonaws.com/category-detail/1210102.png');
insert into tbl_category_detail(name, category_big_id, kan_code, expiration_date, img_src) values ('포드커피',18,1210103,730, 'https://goumunity.s3.ap-northeast-2.amazonaws.com/category-detail/1210103.png');
insert into tbl_category_detail(name, category_big_id, kan_code, expiration_date, img_src) values ('기타원두커피',18,1210199,365, 'https://goumunity.s3.ap-northeast-2.amazonaws.com/category-detail/1210199.png');
insert into tbl_category_detail(name, category_big_id, kan_code, expiration_date, img_src) values ('믹스커피',18,1210201,730, 'https://goumunity.s3.ap-northeast-2.amazonaws.com/category-detail/1210201.png');
insert into tbl_category_detail(name, category_big_id, kan_code, expiration_date, img_src) values ('인스턴트커피',18,1210202,365, 'https://goumunity.s3.ap-northeast-2.amazonaws.com/category-detail/1210202.png');
insert into tbl_category_detail(name, category_big_id, kan_code, expiration_date, img_src) values ('기타조제커피',18,1210299,365, 'https://goumunity.s3.ap-northeast-2.amazonaws.com/category-detail/1210299.png');
insert into tbl_category_detail(name, category_big_id, kan_code, expiration_date, img_src) values ('커피음료',18,1210301,365, 'https://goumunity.s3.ap-northeast-2.amazonaws.com/category-detail/1210301.png');
insert into tbl_category_detail(name, category_big_id, kan_code, expiration_date, img_src) values ('액상캡슐커피',18,1210302,365, 'https://goumunity.s3.ap-northeast-2.amazonaws.com/category-detail/1210302.png');
insert into tbl_category_detail(name, category_big_id, kan_code, expiration_date, img_src) values ('더치커피',18,1210303,365, 'https://goumunity.s3.ap-northeast-2.amazonaws.com/category-detail/1210303.png');
insert into tbl_category_detail(name, category_big_id, kan_code, expiration_date, img_src) values ('기타액상커피',18,1210399,365, 'https://goumunity.s3.ap-northeast-2.amazonaws.com/category-detail/1210399.png');
insert into tbl_category_detail(name, category_big_id, kan_code, expiration_date, img_src) values ('커피프리머',18,1210901,365, 'https://goumunity.s3.ap-northeast-2.amazonaws.com/category-detail/1210901.png');
insert into tbl_category_detail(name, category_big_id, kan_code, expiration_date, img_src) values ('커피슈가/각설탕',18,1210902,365, 'https://goumunity.s3.ap-northeast-2.amazonaws.com/category-detail/1210902.png');
insert into tbl_category_detail(name, category_big_id, kan_code, expiration_date, img_src) values ('기타커피첨가물',18,1210999,365, 'https://goumunity.s3.ap-northeast-2.amazonaws.com/category-detail/1210999.png');
insert into tbl_category_detail(name, category_big_id, kan_code, expiration_date, img_src) values ('코코아/핫초코파우더',18,1211001,365, 'https://goumunity.s3.ap-northeast-2.amazonaws.com/category-detail/1211001.png');
insert into tbl_category_detail(name, category_big_id, kan_code, expiration_date, img_src) values ('믹스코코아/핫초코',18,1211002,365, 'https://goumunity.s3.ap-northeast-2.amazonaws.com/category-detail/1211002.png');
insert into tbl_category_detail(name, category_big_id, kan_code, expiration_date, img_src) values ('초코음료',18,1211003,365, 'https://goumunity.s3.ap-northeast-2.amazonaws.com/category-detail/1211003.png');
insert into tbl_category_detail(name, category_big_id, kan_code, expiration_date, img_src) values ('기타코코아/핫초코',18,1211099,365, 'https://goumunity.s3.ap-northeast-2.amazonaws.com/category-detail/1211099.png');
insert into tbl_category_detail(name, category_big_id, kan_code, expiration_date, img_src) values ('기타커피/코코아',18,1219999,365, 'https://goumunity.s3.ap-northeast-2.amazonaws.com/category-detail/1219999.png');
insert into tbl_category_detail(name, category_big_id, kan_code, expiration_date, img_src) values ('녹차/현미녹차',19,1220101,365, 'https://goumunity.s3.ap-northeast-2.amazonaws.com/category-detail/1220101.png');
insert into tbl_category_detail(name, category_big_id, kan_code, expiration_date, img_src) values ('보리차',19,1220102,365, 'https://goumunity.s3.ap-northeast-2.amazonaws.com/category-detail/1220102.png');
insert into tbl_category_detail(name, category_big_id, kan_code, expiration_date, img_src) values ('옥수수차',19,1220103,365, 'https://goumunity.s3.ap-northeast-2.amazonaws.com/category-detail/1220103.png');
insert into tbl_category_detail(name, category_big_id, kan_code, expiration_date, img_src) values ('결명자/둥글레차',19,1220104,365, 'https://goumunity.s3.ap-northeast-2.amazonaws.com/category-detail/1220104.png');
insert into tbl_category_detail(name, category_big_id, kan_code, expiration_date, img_src) values ('구기자차/우롱차/우엉차',19,1220105,365, 'https://goumunity.s3.ap-northeast-2.amazonaws.com/category-detail/1220105.png');
insert into tbl_category_detail(name, category_big_id, kan_code, expiration_date, img_src) values ('홍차',19,1220106,365, 'https://goumunity.s3.ap-northeast-2.amazonaws.com/category-detail/1220106.png');
insert into tbl_category_detail(name, category_big_id, kan_code, expiration_date, img_src) values ('허브차/자스민차',19,1220107,365, 'https://goumunity.s3.ap-northeast-2.amazonaws.com/category-detail/1220107.png');
insert into tbl_category_detail(name, category_big_id, kan_code, expiration_date, img_src) values ('꽃/잎차',19,1220108,365, 'https://goumunity.s3.ap-northeast-2.amazonaws.com/category-detail/1220108.png');
insert into tbl_category_detail(name, category_big_id, kan_code, expiration_date, img_src) values ('십전대보차',19,1220109,365, 'https://goumunity.s3.ap-northeast-2.amazonaws.com/category-detail/1220109.png');
insert into tbl_category_detail(name, category_big_id, kan_code, expiration_date, img_src) values ('기타침출차',19,1220199,365, 'https://goumunity.s3.ap-northeast-2.amazonaws.com/category-detail/1220199.png');
insert into tbl_category_detail(name, category_big_id, kan_code, expiration_date, img_src) values ('인삼/홍삼농축액',19,1220201,1095, 'https://goumunity.s3.ap-northeast-2.amazonaws.com/category-detail/1220201.png');
insert into tbl_category_detail(name, category_big_id, kan_code, expiration_date, img_src) values ('유자/모과차',19,1220202,730, 'https://goumunity.s3.ap-northeast-2.amazonaws.com/category-detail/1220202.png');
insert into tbl_category_detail(name, category_big_id, kan_code, expiration_date, img_src) values ('대추차',19,1220203,730, 'https://goumunity.s3.ap-northeast-2.amazonaws.com/category-detail/1220203.png');
insert into tbl_category_detail(name, category_big_id, kan_code, expiration_date, img_src) values ('과실차',19,1220204,730, 'https://goumunity.s3.ap-northeast-2.amazonaws.com/category-detail/1220204.png');
insert into tbl_category_detail(name, category_big_id, kan_code, expiration_date, img_src) values ('꿀차',19,1220205,730, 'https://goumunity.s3.ap-northeast-2.amazonaws.com/category-detail/1220205.png');
insert into tbl_category_detail(name, category_big_id, kan_code, expiration_date, img_src) values ('매실차',19,1220206,730, 'https://goumunity.s3.ap-northeast-2.amazonaws.com/category-detail/1220206.png');
insert into tbl_category_detail(name, category_big_id, kan_code, expiration_date, img_src) values ('오미자차',19,1220207,730, 'https://goumunity.s3.ap-northeast-2.amazonaws.com/category-detail/1220207.png');
insert into tbl_category_detail(name, category_big_id, kan_code, expiration_date, img_src) values ('기타액상차',19,1220299,730, 'https://goumunity.s3.ap-northeast-2.amazonaws.com/category-detail/1220299.png');
insert into tbl_category_detail(name, category_big_id, kan_code, expiration_date, img_src) values ('인삼/홍삼차',19,1220301,730, 'https://goumunity.s3.ap-northeast-2.amazonaws.com/category-detail/1220301.png');
insert into tbl_category_detail(name, category_big_id, kan_code, expiration_date, img_src) values ('쌍화/계피/생강차',19,1220302,730, 'https://goumunity.s3.ap-northeast-2.amazonaws.com/category-detail/1220302.png');
insert into tbl_category_detail(name, category_big_id, kan_code, expiration_date, img_src) values ('율무/견과차',19,1220303,730, 'https://goumunity.s3.ap-northeast-2.amazonaws.com/category-detail/1220303.png');
insert into tbl_category_detail(name, category_big_id, kan_code, expiration_date, img_src) values ('기타고형차',19,1220399,730, 'https://goumunity.s3.ap-northeast-2.amazonaws.com/category-detail/1220399.png');
insert into tbl_category_detail(name, category_big_id, kan_code, expiration_date, img_src) values ('녹차음료',19,1221101,365, 'https://goumunity.s3.ap-northeast-2.amazonaws.com/category-detail/1221101.png');
insert into tbl_category_detail(name, category_big_id, kan_code, expiration_date, img_src) values ('홍차음료',19,1221102,365, 'https://goumunity.s3.ap-northeast-2.amazonaws.com/category-detail/1221102.png');
insert into tbl_category_detail(name, category_big_id, kan_code, expiration_date, img_src) values ('옥수수차음료',19,1221103,365, 'https://goumunity.s3.ap-northeast-2.amazonaws.com/category-detail/1221103.png');
insert into tbl_category_detail(name, category_big_id, kan_code, expiration_date, img_src) values ('보리차음료',19,1221104,365, 'https://goumunity.s3.ap-northeast-2.amazonaws.com/category-detail/1221104.png');
insert into tbl_category_detail(name, category_big_id, kan_code, expiration_date, img_src) values ('매실차음료',19,1221105,365, 'https://goumunity.s3.ap-northeast-2.amazonaws.com/category-detail/1221105.png');
insert into tbl_category_detail(name, category_big_id, kan_code, expiration_date, img_src) values ('혼합차음료',19,1221106,365, 'https://goumunity.s3.ap-northeast-2.amazonaws.com/category-detail/1221106.png');
insert into tbl_category_detail(name, category_big_id, kan_code, expiration_date, img_src) values ('기타차음료',19,1221199,365, 'https://goumunity.s3.ap-northeast-2.amazonaws.com/category-detail/1221199.png');
insert into tbl_category_detail(name, category_big_id, kan_code, expiration_date, img_src) values ('소주',20,1230101,3650, 'https://goumunity.s3.ap-northeast-2.amazonaws.com/category-detail/1230101.png');
insert into tbl_category_detail(name, category_big_id, kan_code, expiration_date, img_src) values ('민속주/전통주',20,1230102,365, 'https://goumunity.s3.ap-northeast-2.amazonaws.com/category-detail/1230102.png');
insert into tbl_category_detail(name, category_big_id, kan_code, expiration_date, img_src) values ('고량주',20,1230103,3650, 'https://goumunity.s3.ap-northeast-2.amazonaws.com/category-detail/1230103.png');
insert into tbl_category_detail(name, category_big_id, kan_code, expiration_date, img_src) values ('위스키',20,1230104,3650, 'https://goumunity.s3.ap-northeast-2.amazonaws.com/category-detail/1230104.png');
insert into tbl_category_detail(name, category_big_id, kan_code, expiration_date, img_src) values ('브랜디',20,1230105,3650, 'https://goumunity.s3.ap-northeast-2.amazonaws.com/category-detail/1230105.png');
insert into tbl_category_detail(name, category_big_id, kan_code, expiration_date, img_src) values ('보드카',20,1230106,3650, 'https://goumunity.s3.ap-northeast-2.amazonaws.com/category-detail/1230106.png');
insert into tbl_category_detail(name, category_big_id, kan_code, expiration_date, img_src) values ('진/럼/데킬라/아쿠아비트',20,1230107,3650, 'https://goumunity.s3.ap-northeast-2.amazonaws.com/category-detail/1230107.png');
insert into tbl_category_detail(name, category_big_id, kan_code, expiration_date, img_src) values ('기타증류주',20,1230199,3650, 'https://goumunity.s3.ap-northeast-2.amazonaws.com/category-detail/1230199.png');
insert into tbl_category_detail(name, category_big_id, kan_code, expiration_date, img_src) values ('맥주',20,1230201,365, 'https://goumunity.s3.ap-northeast-2.amazonaws.com/category-detail/1230201.png');
insert into tbl_category_detail(name, category_big_id, kan_code, expiration_date, img_src) values ('청주',20,1230202,365, 'https://goumunity.s3.ap-northeast-2.amazonaws.com/category-detail/1230202.png');
insert into tbl_category_detail(name, category_big_id, kan_code, expiration_date, img_src) values ('탁주',20,1230203,365, 'https://goumunity.s3.ap-northeast-2.amazonaws.com/category-detail/1230203.png');
insert into tbl_category_detail(name, category_big_id, kan_code, expiration_date, img_src) values ('약주',20,1230204,365, 'https://goumunity.s3.ap-northeast-2.amazonaws.com/category-detail/1230204.png');
insert into tbl_category_detail(name, category_big_id, kan_code, expiration_date, img_src) values ('샴페인',20,1230206,3650, 'https://goumunity.s3.ap-northeast-2.amazonaws.com/category-detail/1230206.png');
insert into tbl_category_detail(name, category_big_id, kan_code, expiration_date, img_src) values ('과실주',20,1230207,3650, 'https://goumunity.s3.ap-northeast-2.amazonaws.com/category-detail/1230207.png');
insert into tbl_category_detail(name, category_big_id, kan_code, expiration_date, img_src) values ('와인',20,1230208,3650, 'https://goumunity.s3.ap-northeast-2.amazonaws.com/category-detail/1230208.png');
insert into tbl_category_detail(name, category_big_id, kan_code, expiration_date, img_src) values ('기타양조주',20,1230299,3650, 'https://goumunity.s3.ap-northeast-2.amazonaws.com/category-detail/1230299.png');
insert into tbl_category_detail(name, category_big_id, kan_code, expiration_date, img_src) values ('인삼주',20,1230301,3650, 'https://goumunity.s3.ap-northeast-2.amazonaws.com/category-detail/1230301.png');
insert into tbl_category_detail(name, category_big_id, kan_code, expiration_date, img_src) values ('매실주',20,1230302,3650, 'https://goumunity.s3.ap-northeast-2.amazonaws.com/category-detail/1230302.png');
insert into tbl_category_detail(name, category_big_id, kan_code, expiration_date, img_src) values ('리큐르',20,1230303,3650, 'https://goumunity.s3.ap-northeast-2.amazonaws.com/category-detail/1230303.png');
insert into tbl_category_detail(name, category_big_id, kan_code, expiration_date, img_src) values ('기타혼성주',20,1230399,3650, 'https://goumunity.s3.ap-northeast-2.amazonaws.com/category-detail/1230399.png');
insert into tbl_category_detail(name, category_big_id, kan_code, expiration_date, img_src) values ('기타주류',20,1239999,3650, 'https://goumunity.s3.ap-northeast-2.amazonaws.com/category-detail/1239999.png');
insert into tbl_category_detail(name, category_big_id, kan_code, expiration_date, img_src) values ('조미료세트',21,1880101,0, 'https://goumunity.s3.ap-northeast-2.amazonaws.com/category-detail/1880101.png');
insert into tbl_category_detail(name, category_big_id, kan_code, expiration_date, img_src) values ('식용유지세트',21,1880102,0, 'https://goumunity.s3.ap-northeast-2.amazonaws.com/category-detail/1880102.png');
insert into tbl_category_detail(name, category_big_id, kan_code, expiration_date, img_src) values ('햄세트',21,1880103,0, 'https://goumunity.s3.ap-northeast-2.amazonaws.com/category-detail/1880103.png');
insert into tbl_category_detail(name, category_big_id, kan_code, expiration_date, img_src) values ('김세트',21,1880104,0, 'https://goumunity.s3.ap-northeast-2.amazonaws.com/category-detail/1880104.png');
insert into tbl_category_detail(name, category_big_id, kan_code, expiration_date, img_src) values ('참치세트',21,1880105,0, 'https://goumunity.s3.ap-northeast-2.amazonaws.com/category-detail/1880105.png');
insert into tbl_category_detail(name, category_big_id, kan_code, expiration_date, img_src) values ('젓갈세트',21,1880106,0, 'https://goumunity.s3.ap-northeast-2.amazonaws.com/category-detail/1880106.png');
insert into tbl_category_detail(name, category_big_id, kan_code, expiration_date, img_src) values ('통조림/병세트',21,1880107,0, 'https://goumunity.s3.ap-northeast-2.amazonaws.com/category-detail/1880107.png');
insert into tbl_category_detail(name, category_big_id, kan_code, expiration_date, img_src) values ('건강식품세트',21,1880108,0, 'https://goumunity.s3.ap-northeast-2.amazonaws.com/category-detail/1880108.png');
insert into tbl_category_detail(name, category_big_id, kan_code, expiration_date, img_src) values ('혼합가공식품세트류',21,1880188,0, 'https://goumunity.s3.ap-northeast-2.amazonaws.com/category-detail/1880188.png');
insert into tbl_category_detail(name, category_big_id, kan_code, expiration_date, img_src) values ('기타가공식품세트류',21,1880199,0, 'https://goumunity.s3.ap-northeast-2.amazonaws.com/category-detail/1880199.png');
insert into tbl_category_detail(name, category_big_id, kan_code, expiration_date, img_src) values ('커피세트',21,1880201,0, 'https://goumunity.s3.ap-northeast-2.amazonaws.com/category-detail/1880201.png');
insert into tbl_category_detail(name, category_big_id, kan_code, expiration_date, img_src) values ('차세트',21,1880202,0, 'https://goumunity.s3.ap-northeast-2.amazonaws.com/category-detail/1880202.png');
insert into tbl_category_detail(name, category_big_id, kan_code, expiration_date, img_src) values ('음료세트',21,1880203,0, 'https://goumunity.s3.ap-northeast-2.amazonaws.com/category-detail/1880203.png');
insert into tbl_category_detail(name, category_big_id, kan_code, expiration_date, img_src) values ('주류세트',21,1880204,0, 'https://goumunity.s3.ap-northeast-2.amazonaws.com/category-detail/1880204.png');
insert into tbl_category_detail(name, category_big_id, kan_code, expiration_date, img_src) values ('기타음료/주류세트',21,1880299,0, 'https://goumunity.s3.ap-northeast-2.amazonaws.com/category-detail/1880299.png');
insert into tbl_category_detail(name, category_big_id, kan_code, expiration_date, img_src) values ('담배',22,1999901,3650, 'https://goumunity.s3.ap-northeast-2.amazonaws.com/category-detail/1999901.png');
insert into tbl_category_detail(name, category_big_id, kan_code, expiration_date, img_src) values ('기타가공식품',22,1999999,0, 'https://goumunity.s3.ap-northeast-2.amazonaws.com/category-detail/1999999.png');
insert into tbl_category_detail(name, category_big_id, kan_code, expiration_date, img_src) values ('백미',23,2010101,3650, 'https://goumunity.s3.ap-northeast-2.amazonaws.com/category-detail/2010101.png');
insert into tbl_category_detail(name, category_big_id, kan_code, expiration_date, img_src) values ('찹쌀',23,2010102,3650, 'https://goumunity.s3.ap-northeast-2.amazonaws.com/category-detail/2010102.png');
insert into tbl_category_detail(name, category_big_id, kan_code, expiration_date, img_src) values ('현미',23,2010103,3650, 'https://goumunity.s3.ap-northeast-2.amazonaws.com/category-detail/2010103.png');
insert into tbl_category_detail(name, category_big_id, kan_code, expiration_date, img_src) values ('흑미',23,2010104,3650, 'https://goumunity.s3.ap-northeast-2.amazonaws.com/category-detail/2010104.png');
insert into tbl_category_detail(name, category_big_id, kan_code, expiration_date, img_src) values ('기능성쌀',23,2010105,3650, 'https://goumunity.s3.ap-northeast-2.amazonaws.com/category-detail/2010105.png');
insert into tbl_category_detail(name, category_big_id, kan_code, expiration_date, img_src) values ('보리',23,2010106,3650, 'https://goumunity.s3.ap-northeast-2.amazonaws.com/category-detail/2010106.png');
insert into tbl_category_detail(name, category_big_id, kan_code, expiration_date, img_src) values ('율무',23,2010107,180, 'https://goumunity.s3.ap-northeast-2.amazonaws.com/category-detail/2010107.png');
insert into tbl_category_detail(name, category_big_id, kan_code, expiration_date, img_src) values ('들깨',23,2010108,3650, 'https://goumunity.s3.ap-northeast-2.amazonaws.com/category-detail/2010108.png');
insert into tbl_category_detail(name, category_big_id, kan_code, expiration_date, img_src) values ('참깨',23,2010109,3650, 'https://goumunity.s3.ap-northeast-2.amazonaws.com/category-detail/2010109.png');
insert into tbl_category_detail(name, category_big_id, kan_code, expiration_date, img_src) values ('메밀',23,2010110,3650, 'https://goumunity.s3.ap-northeast-2.amazonaws.com/category-detail/2010110.png');
insert into tbl_category_detail(name, category_big_id, kan_code, expiration_date, img_src) values ('옥수수',23,2010111,365, 'https://goumunity.s3.ap-northeast-2.amazonaws.com/category-detail/2010111.png');
insert into tbl_category_detail(name, category_big_id, kan_code, expiration_date, img_src) values ('수수',23,2010112,3650, 'https://goumunity.s3.ap-northeast-2.amazonaws.com/category-detail/2010112.png');
insert into tbl_category_detail(name, category_big_id, kan_code, expiration_date, img_src) values ('기장',23,2010113,3650, 'https://goumunity.s3.ap-northeast-2.amazonaws.com/category-detail/2010113.png');
insert into tbl_category_detail(name, category_big_id, kan_code, expiration_date, img_src) values ('녹두',23,2010114,3650, 'https://goumunity.s3.ap-northeast-2.amazonaws.com/category-detail/2010114.png');
insert into tbl_category_detail(name, category_big_id, kan_code, expiration_date, img_src) values ('콩',23,2010115,3650, 'https://goumunity.s3.ap-northeast-2.amazonaws.com/category-detail/2010115.png');
insert into tbl_category_detail(name, category_big_id, kan_code, expiration_date, img_src) values ('팥',23,2010116,3650, 'https://goumunity.s3.ap-northeast-2.amazonaws.com/category-detail/2010116.png');
insert into tbl_category_detail(name, category_big_id, kan_code, expiration_date, img_src) values ('혼합곡',23,2010119,3650, 'https://goumunity.s3.ap-northeast-2.amazonaws.com/category-detail/2010119.png');
insert into tbl_category_detail(name, category_big_id, kan_code, expiration_date, img_src) values ('기타잡곡',23,2010199,3650, 'https://goumunity.s3.ap-northeast-2.amazonaws.com/category-detail/2010199.png');
insert into tbl_category_detail(name, category_big_id, kan_code, expiration_date, img_src) values ('오이',23,2010201,7, 'https://goumunity.s3.ap-northeast-2.amazonaws.com/category-detail/2010201.png');
insert into tbl_category_detail(name, category_big_id, kan_code, expiration_date, img_src) values ('애호박',23,2010202,90, 'https://goumunity.s3.ap-northeast-2.amazonaws.com/category-detail/2010202.png');
insert into tbl_category_detail(name, category_big_id, kan_code, expiration_date, img_src) values ('단호박',23,2010203,60, 'https://goumunity.s3.ap-northeast-2.amazonaws.com/category-detail/2010203.png');
insert into tbl_category_detail(name, category_big_id, kan_code, expiration_date, img_src) values ('가지',23,2010204,7, 'https://goumunity.s3.ap-northeast-2.amazonaws.com/category-detail/2010204.png');
insert into tbl_category_detail(name, category_big_id, kan_code, expiration_date, img_src) values ('양파',23,2010205,90, 'https://goumunity.s3.ap-northeast-2.amazonaws.com/category-detail/2010205.png');
insert into tbl_category_detail(name, category_big_id, kan_code, expiration_date, img_src) values ('대파',23,2010206,14, 'https://goumunity.s3.ap-northeast-2.amazonaws.com/category-detail/2010206.png');
insert into tbl_category_detail(name, category_big_id, kan_code, expiration_date, img_src) values ('쪽파',23,2010207,14, 'https://goumunity.s3.ap-northeast-2.amazonaws.com/category-detail/2010207.png');
insert into tbl_category_detail(name, category_big_id, kan_code, expiration_date, img_src) values ('마늘',23,2010208,365, 'https://goumunity.s3.ap-northeast-2.amazonaws.com/category-detail/2010208.png');
insert into tbl_category_detail(name, category_big_id, kan_code, expiration_date, img_src) values ('고추',23,2010209,90, 'https://goumunity.s3.ap-northeast-2.amazonaws.com/category-detail/2010209.png');
insert into tbl_category_detail(name, category_big_id, kan_code, expiration_date, img_src) values ('버섯',23,2010210,3, 'https://goumunity.s3.ap-northeast-2.amazonaws.com/category-detail/2010210.png');
insert into tbl_category_detail(name, category_big_id, kan_code, expiration_date, img_src) values ('생강',23,2010211,30, 'https://goumunity.s3.ap-northeast-2.amazonaws.com/category-detail/2010211.png');
insert into tbl_category_detail(name, category_big_id, kan_code, expiration_date, img_src) values ('배추',23,2010212,14, 'https://goumunity.s3.ap-northeast-2.amazonaws.com/category-detail/2010212.png');
insert into tbl_category_detail(name, category_big_id, kan_code, expiration_date, img_src) values ('양배추',23,2010213,5, 'https://goumunity.s3.ap-northeast-2.amazonaws.com/category-detail/2010213.png');
insert into tbl_category_detail(name, category_big_id, kan_code, expiration_date, img_src) values ('상추',23,2010214,7, 'https://goumunity.s3.ap-northeast-2.amazonaws.com/category-detail/2010214.png');
insert into tbl_category_detail(name, category_big_id, kan_code, expiration_date, img_src) values ('쌈채소',23,2010215,3, 'https://goumunity.s3.ap-northeast-2.amazonaws.com/category-detail/2010215.png');
insert into tbl_category_detail(name, category_big_id, kan_code, expiration_date, img_src) values ('시금치',23,2010216,3, 'https://goumunity.s3.ap-northeast-2.amazonaws.com/category-detail/2010216.png');
insert into tbl_category_detail(name, category_big_id, kan_code, expiration_date, img_src) values ('고구마',23,2010217,90, 'https://goumunity.s3.ap-northeast-2.amazonaws.com/category-detail/2010217.png');
insert into tbl_category_detail(name, category_big_id, kan_code, expiration_date, img_src) values ('감자',23,2010218,90, 'https://goumunity.s3.ap-northeast-2.amazonaws.com/category-detail/2010218.png');
insert into tbl_category_detail(name, category_big_id, kan_code, expiration_date, img_src) values ('당근',23,2010219,14, 'https://goumunity.s3.ap-northeast-2.amazonaws.com/category-detail/2010219.png');
insert into tbl_category_detail(name, category_big_id, kan_code, expiration_date, img_src) values ('더덕',23,2010220,5, 'https://goumunity.s3.ap-northeast-2.amazonaws.com/category-detail/2010220.png');
insert into tbl_category_detail(name, category_big_id, kan_code, expiration_date, img_src) values ('도라지',23,2010221,5, 'https://goumunity.s3.ap-northeast-2.amazonaws.com/category-detail/2010221.png');
insert into tbl_category_detail(name, category_big_id, kan_code, expiration_date, img_src) values ('야콘',23,2010222,5, 'https://goumunity.s3.ap-northeast-2.amazonaws.com/category-detail/2010222.png');
insert into tbl_category_detail(name, category_big_id, kan_code, expiration_date, img_src) values ('연근',23,2010223,10, 'https://goumunity.s3.ap-northeast-2.amazonaws.com/category-detail/2010223.png');
insert into tbl_category_detail(name, category_big_id, kan_code, expiration_date, img_src) values ('우엉',23,2010224,5, 'https://goumunity.s3.ap-northeast-2.amazonaws.com/category-detail/2010224.png');
insert into tbl_category_detail(name, category_big_id, kan_code, expiration_date, img_src) values ('무',23,2010225,180, 'https://goumunity.s3.ap-northeast-2.amazonaws.com/category-detail/2010225.png');
insert into tbl_category_detail(name, category_big_id, kan_code, expiration_date, img_src) values ('열무',23,2010226,5, 'https://goumunity.s3.ap-northeast-2.amazonaws.com/category-detail/2010226.png');
insert into tbl_category_detail(name, category_big_id, kan_code, expiration_date, img_src) values ('마',23,2010227,30, 'https://goumunity.s3.ap-northeast-2.amazonaws.com/category-detail/2010227.png');
insert into tbl_category_detail(name, category_big_id, kan_code, expiration_date, img_src) values ('토란',23,2010228,7, 'https://goumunity.s3.ap-northeast-2.amazonaws.com/category-detail/2010228.png');
insert into tbl_category_detail(name, category_big_id, kan_code, expiration_date, img_src) values ('부추',23,2010229,7, 'https://goumunity.s3.ap-northeast-2.amazonaws.com/category-detail/2010229.png');
insert into tbl_category_detail(name, category_big_id, kan_code, expiration_date, img_src) values ('피망/파프리카',23,2010230,7, 'https://goumunity.s3.ap-northeast-2.amazonaws.com/category-detail/2010230.png');
insert into tbl_category_detail(name, category_big_id, kan_code, expiration_date, img_src) values ('새싹채소',23,2010231,3, 'https://goumunity.s3.ap-northeast-2.amazonaws.com/category-detail/2010231.png');
insert into tbl_category_detail(name, category_big_id, kan_code, expiration_date, img_src) values ('아스파라거스',23,2010232,7, 'https://goumunity.s3.ap-northeast-2.amazonaws.com/category-detail/2010232.png');
insert into tbl_category_detail(name, category_big_id, kan_code, expiration_date, img_src) values ('죽순',23,2010233,7, 'https://goumunity.s3.ap-northeast-2.amazonaws.com/category-detail/2010233.png');
insert into tbl_category_detail(name, category_big_id, kan_code, expiration_date, img_src) values ('알로에',23,2010234,1, 'https://goumunity.s3.ap-northeast-2.amazonaws.com/category-detail/2010234.png');
insert into tbl_category_detail(name, category_big_id, kan_code, expiration_date, img_src) values ('브로콜리',23,2010235,4, 'https://goumunity.s3.ap-northeast-2.amazonaws.com/category-detail/2010235.png');
insert into tbl_category_detail(name, category_big_id, kan_code, expiration_date, img_src) values ('건나물',23,2010236,365, 'https://goumunity.s3.ap-northeast-2.amazonaws.com/category-detail/2010236.png');
insert into tbl_category_detail(name, category_big_id, kan_code, expiration_date, img_src) values ('산나물',23,2010237,2, 'https://goumunity.s3.ap-northeast-2.amazonaws.com/category-detail/2010237.png');
insert into tbl_category_detail(name, category_big_id, kan_code, expiration_date, img_src) values ('삶은나물',23,2010238,3, 'https://goumunity.s3.ap-northeast-2.amazonaws.com/category-detail/2010238.png');
insert into tbl_category_detail(name, category_big_id, kan_code, expiration_date, img_src) values ('콩나물',23,2010239,22, 'https://goumunity.s3.ap-northeast-2.amazonaws.com/category-detail/2010239.png');
insert into tbl_category_detail(name, category_big_id, kan_code, expiration_date, img_src) values ('기타채소류',23,2010299,0, 'https://goumunity.s3.ap-northeast-2.amazonaws.com/category-detail/2010299.png');
insert into tbl_category_detail(name, category_big_id, kan_code, expiration_date, img_src) values ('사과',23,2010301,180, 'https://goumunity.s3.ap-northeast-2.amazonaws.com/category-detail/2010301.png');
insert into tbl_category_detail(name, category_big_id, kan_code, expiration_date, img_src) values ('배',23,2010302,180, 'https://goumunity.s3.ap-northeast-2.amazonaws.com/category-detail/2010302.png');
insert into tbl_category_detail(name, category_big_id, kan_code, expiration_date, img_src) values ('토마토',23,2010303,15, 'https://goumunity.s3.ap-northeast-2.amazonaws.com/category-detail/2010303.png');
insert into tbl_category_detail(name, category_big_id, kan_code, expiration_date, img_src) values ('감귤',23,2010304,270, 'https://goumunity.s3.ap-northeast-2.amazonaws.com/category-detail/2010304.png');
insert into tbl_category_detail(name, category_big_id, kan_code, expiration_date, img_src) values ('딸기',23,2010305,3, 'https://goumunity.s3.ap-northeast-2.amazonaws.com/category-detail/2010305.png');
insert into tbl_category_detail(name, category_big_id, kan_code, expiration_date, img_src) values ('금귤',23,2010306,28, 'https://goumunity.s3.ap-northeast-2.amazonaws.com/category-detail/2010306.png');
insert into tbl_category_detail(name, category_big_id, kan_code, expiration_date, img_src) values ('단감',23,2010307,30, 'https://goumunity.s3.ap-northeast-2.amazonaws.com/category-detail/2010307.png');
insert into tbl_category_detail(name, category_big_id, kan_code, expiration_date, img_src) values ('홍시',23,2010308,30, 'https://goumunity.s3.ap-northeast-2.amazonaws.com/category-detail/2010308.png');
insert into tbl_category_detail(name, category_big_id, kan_code, expiration_date, img_src) values ('대봉시',23,2010309,30, 'https://goumunity.s3.ap-northeast-2.amazonaws.com/category-detail/2010309.png');
insert into tbl_category_detail(name, category_big_id, kan_code, expiration_date, img_src) values ('매실',23,2010310,3, 'https://goumunity.s3.ap-northeast-2.amazonaws.com/category-detail/2010310.png');
insert into tbl_category_detail(name, category_big_id, kan_code, expiration_date, img_src) values ('메론',23,2010311,21, 'https://goumunity.s3.ap-northeast-2.amazonaws.com/category-detail/2010311.png');
insert into tbl_category_detail(name, category_big_id, kan_code, expiration_date, img_src) values ('모과',23,2010312,3, 'https://goumunity.s3.ap-northeast-2.amazonaws.com/category-detail/2010312.png');
insert into tbl_category_detail(name, category_big_id, kan_code, expiration_date, img_src) values ('복분자',23,2010313,3, 'https://goumunity.s3.ap-northeast-2.amazonaws.com/category-detail/2010313.png');
insert into tbl_category_detail(name, category_big_id, kan_code, expiration_date, img_src) values ('블루베리',23,2010314,7, 'https://goumunity.s3.ap-northeast-2.amazonaws.com/category-detail/2010314.png');
insert into tbl_category_detail(name, category_big_id, kan_code, expiration_date, img_src) values ('수박',23,2010315,10, 'https://goumunity.s3.ap-northeast-2.amazonaws.com/category-detail/2010315.png');
insert into tbl_category_detail(name, category_big_id, kan_code, expiration_date, img_src) values ('키위/참다래',23,2010316,5, 'https://goumunity.s3.ap-northeast-2.amazonaws.com/category-detail/2010316.png');
insert into tbl_category_detail(name, category_big_id, kan_code, expiration_date, img_src) values ('참외',23,2010317,7, 'https://goumunity.s3.ap-northeast-2.amazonaws.com/category-detail/2010317.png');
insert into tbl_category_detail(name, category_big_id, kan_code, expiration_date, img_src) values ('천혜향',23,2010318,21, 'https://goumunity.s3.ap-northeast-2.amazonaws.com/category-detail/2010318.png');
insert into tbl_category_detail(name, category_big_id, kan_code, expiration_date, img_src) values ('한라봉',23,2010319,7, 'https://goumunity.s3.ap-northeast-2.amazonaws.com/category-detail/2010319.png');
insert into tbl_category_detail(name, category_big_id, kan_code, expiration_date, img_src) values ('포도',23,2010320,4, 'https://goumunity.s3.ap-northeast-2.amazonaws.com/category-detail/2010320.png');
insert into tbl_category_detail(name, category_big_id, kan_code, expiration_date, img_src) values ('자두',23,2010321,21, 'https://goumunity.s3.ap-northeast-2.amazonaws.com/category-detail/2010321.png');
insert into tbl_category_detail(name, category_big_id, kan_code, expiration_date, img_src) values ('복숭아',23,2010322,5, 'https://goumunity.s3.ap-northeast-2.amazonaws.com/category-detail/2010322.png');
insert into tbl_category_detail(name, category_big_id, kan_code, expiration_date, img_src) values ('리치',23,2010323,3, 'https://goumunity.s3.ap-northeast-2.amazonaws.com/category-detail/2010323.png');
insert into tbl_category_detail(name, category_big_id, kan_code, expiration_date, img_src) values ('체리',23,2010324,5, 'https://goumunity.s3.ap-northeast-2.amazonaws.com/category-detail/2010324.png');
insert into tbl_category_detail(name, category_big_id, kan_code, expiration_date, img_src) values ('레몬',23,2010325,5, 'https://goumunity.s3.ap-northeast-2.amazonaws.com/category-detail/2010325.png');
insert into tbl_category_detail(name, category_big_id, kan_code, expiration_date, img_src) values ('망고',23,2010326,20, 'https://goumunity.s3.ap-northeast-2.amazonaws.com/category-detail/2010326.png');
insert into tbl_category_detail(name, category_big_id, kan_code, expiration_date, img_src) values ('바나나',23,2010327,3, 'https://goumunity.s3.ap-northeast-2.amazonaws.com/category-detail/2010327.png');
insert into tbl_category_detail(name, category_big_id, kan_code, expiration_date, img_src) values ('석류',23,2010328,80, 'https://goumunity.s3.ap-northeast-2.amazonaws.com/category-detail/2010328.png');
insert into tbl_category_detail(name, category_big_id, kan_code, expiration_date, img_src) values ('오렌지',23,2010329,20, 'https://goumunity.s3.ap-northeast-2.amazonaws.com/category-detail/2010329.png');
insert into tbl_category_detail(name, category_big_id, kan_code, expiration_date, img_src) values ('자몽',23,2010330,28, 'https://goumunity.s3.ap-northeast-2.amazonaws.com/category-detail/2010330.png');
insert into tbl_category_detail(name, category_big_id, kan_code, expiration_date, img_src) values ('파인애플',23,2010331,5, 'https://goumunity.s3.ap-northeast-2.amazonaws.com/category-detail/2010331.png');
insert into tbl_category_detail(name, category_big_id, kan_code, expiration_date, img_src) values ('과일바구니',23,2010332,0, 'https://goumunity.s3.ap-northeast-2.amazonaws.com/category-detail/2010332.png');
insert into tbl_category_detail(name, category_big_id, kan_code, expiration_date, img_src) values ('혼합과일세트',23,2010333,0, 'https://goumunity.s3.ap-northeast-2.amazonaws.com/category-detail/2010333.png');
insert into tbl_category_detail(name, category_big_id, kan_code, expiration_date, img_src) values ('커피생두',23,2010334,180, 'https://goumunity.s3.ap-northeast-2.amazonaws.com/category-detail/2010334.png');
insert into tbl_category_detail(name, category_big_id, kan_code, expiration_date, img_src) values ('기타과일',23,2010399,0, 'https://goumunity.s3.ap-northeast-2.amazonaws.com/category-detail/2010399.png');
insert into tbl_category_detail(name, category_big_id, kan_code, expiration_date, img_src) values ('호두',23,2010401,365, 'https://goumunity.s3.ap-northeast-2.amazonaws.com/category-detail/2010401.png');
insert into tbl_category_detail(name, category_big_id, kan_code, expiration_date, img_src) values ('땅콩',23,2010402,365, 'https://goumunity.s3.ap-northeast-2.amazonaws.com/category-detail/2010402.png');
insert into tbl_category_detail(name, category_big_id, kan_code, expiration_date, img_src) values ('밤',23,2010403,365, 'https://goumunity.s3.ap-northeast-2.amazonaws.com/category-detail/2010403.png');
insert into tbl_category_detail(name, category_big_id, kan_code, expiration_date, img_src) values ('대추',23,2010404,365, 'https://goumunity.s3.ap-northeast-2.amazonaws.com/category-detail/2010404.png');
insert into tbl_category_detail(name, category_big_id, kan_code, expiration_date, img_src) values ('은행',23,2010405,365, 'https://goumunity.s3.ap-northeast-2.amazonaws.com/category-detail/2010405.png');
insert into tbl_category_detail(name, category_big_id, kan_code, expiration_date, img_src) values ('아몬드',23,2010406,365, 'https://goumunity.s3.ap-northeast-2.amazonaws.com/category-detail/2010406.png');
insert into tbl_category_detail(name, category_big_id, kan_code, expiration_date, img_src) values ('잣',23,2010407,365, 'https://goumunity.s3.ap-northeast-2.amazonaws.com/category-detail/2010407.png');
insert into tbl_category_detail(name, category_big_id, kan_code, expiration_date, img_src) values ('캐슈너트',23,2010408,365, 'https://goumunity.s3.ap-northeast-2.amazonaws.com/category-detail/2010408.png');
insert into tbl_category_detail(name, category_big_id, kan_code, expiration_date, img_src) values ('해바라기씨',23,2010409,365, 'https://goumunity.s3.ap-northeast-2.amazonaws.com/category-detail/2010409.png');
insert into tbl_category_detail(name, category_big_id, kan_code, expiration_date, img_src) values ('마카다미아',23,2010410,365, 'https://goumunity.s3.ap-northeast-2.amazonaws.com/category-detail/2010410.png');
insert into tbl_category_detail(name, category_big_id, kan_code, expiration_date, img_src) values ('피스타치오',23,2010411,365, 'https://goumunity.s3.ap-northeast-2.amazonaws.com/category-detail/2010411.png');
insert into tbl_category_detail(name, category_big_id, kan_code, expiration_date, img_src) values ('피칸',23,2010412,365, 'https://goumunity.s3.ap-northeast-2.amazonaws.com/category-detail/2010412.png');
insert into tbl_category_detail(name, category_big_id, kan_code, expiration_date, img_src) values ('호박씨',23,2010413,365, 'https://goumunity.s3.ap-northeast-2.amazonaws.com/category-detail/2010413.png');
insert into tbl_category_detail(name, category_big_id, kan_code, expiration_date, img_src) values ('기타견과류',23,2010414,365, 'https://goumunity.s3.ap-northeast-2.amazonaws.com/category-detail/2010414.png');
insert into tbl_category_detail(name, category_big_id, kan_code, expiration_date, img_src) values ('감말랭이',23,2010415,730, 'https://goumunity.s3.ap-northeast-2.amazonaws.com/category-detail/2010415.png');
insert into tbl_category_detail(name, category_big_id, kan_code, expiration_date, img_src) values ('건망고',23,2010416,540, 'https://goumunity.s3.ap-northeast-2.amazonaws.com/category-detail/2010416.png');
insert into tbl_category_detail(name, category_big_id, kan_code, expiration_date, img_src) values ('건바나나',23,2010417,540, 'https://goumunity.s3.ap-northeast-2.amazonaws.com/category-detail/2010417.png');
insert into tbl_category_detail(name, category_big_id, kan_code, expiration_date, img_src) values ('건자두',23,2010418,540, 'https://goumunity.s3.ap-northeast-2.amazonaws.com/category-detail/2010418.png');
insert into tbl_category_detail(name, category_big_id, kan_code, expiration_date, img_src) values ('건포도',23,2010419,540, 'https://goumunity.s3.ap-northeast-2.amazonaws.com/category-detail/2010419.png');
insert into tbl_category_detail(name, category_big_id, kan_code, expiration_date, img_src) values ('곶감',23,2010420,730, 'https://goumunity.s3.ap-northeast-2.amazonaws.com/category-detail/2010420.png');
insert into tbl_category_detail(name, category_big_id, kan_code, expiration_date, img_src) values ('기타건과류',23,2010499,540, 'https://goumunity.s3.ap-northeast-2.amazonaws.com/category-detail/2010499.png');
insert into tbl_category_detail(name, category_big_id, kan_code, expiration_date, img_src) values ('기타농산물',23,2019999,0, 'https://goumunity.s3.ap-northeast-2.amazonaws.com/category-detail/2019999.png');
insert into tbl_category_detail(name, category_big_id, kan_code, expiration_date, img_src) values ('닭고기(부위별)',24,2020101,10, 'https://goumunity.s3.ap-northeast-2.amazonaws.com/category-detail/2020101.png');
insert into tbl_category_detail(name, category_big_id, kan_code, expiration_date, img_src) values ('닭고기(생닭)',24,2020102,10, 'https://goumunity.s3.ap-northeast-2.amazonaws.com/category-detail/2020102.png');
insert into tbl_category_detail(name, category_big_id, kan_code, expiration_date, img_src) values ('오리고기',24,2020103,10, 'https://goumunity.s3.ap-northeast-2.amazonaws.com/category-detail/2020103.png');
insert into tbl_category_detail(name, category_big_id, kan_code, expiration_date, img_src) values ('계란',24,2020201,57, 'https://goumunity.s3.ap-northeast-2.amazonaws.com/category-detail/2020201.png');
insert into tbl_category_detail(name, category_big_id, kan_code, expiration_date, img_src) values ('메추리알',24,2020202,180, 'https://goumunity.s3.ap-northeast-2.amazonaws.com/category-detail/2020202.png');
insert into tbl_category_detail(name, category_big_id, kan_code, expiration_date, img_src) values ('오리알',24,2020203,90, 'https://goumunity.s3.ap-northeast-2.amazonaws.com/category-detail/2020203.png');
insert into tbl_category_detail(name, category_big_id, kan_code, expiration_date, img_src) values ('기타새알',24,2020299,0, 'https://goumunity.s3.ap-northeast-2.amazonaws.com/category-detail/2020299.png');
insert into tbl_category_detail(name, category_big_id, kan_code, expiration_date, img_src) values ('쇠고기(한우)',24,2020301,3, 'https://goumunity.s3.ap-northeast-2.amazonaws.com/category-detail/2020301.png');
insert into tbl_category_detail(name, category_big_id, kan_code, expiration_date, img_src) values ('쇠고기(국내산육우)',24,2020302,3, 'https://goumunity.s3.ap-northeast-2.amazonaws.com/category-detail/2020302.png');
insert into tbl_category_detail(name, category_big_id, kan_code, expiration_date, img_src) values ('쇠고기(수입산쇠고기)',24,2020303,3, 'https://goumunity.s3.ap-northeast-2.amazonaws.com/category-detail/2020303.png');
insert into tbl_category_detail(name, category_big_id, kan_code, expiration_date, img_src) values ('돼지고기',24,2020304,5, 'https://goumunity.s3.ap-northeast-2.amazonaws.com/category-detail/2020304.png');
insert into tbl_category_detail(name, category_big_id, kan_code, expiration_date, img_src) values ('양고기',24,2020305,7, 'https://goumunity.s3.ap-northeast-2.amazonaws.com/category-detail/2020305.png');
insert into tbl_category_detail(name, category_big_id, kan_code, expiration_date, img_src) values ('기타육류',24,2020399,1, 'https://goumunity.s3.ap-northeast-2.amazonaws.com/category-detail/2020399.png');
insert into tbl_category_detail(name, category_big_id, kan_code, expiration_date, img_src) values ('기타축산물',24,2029999,1, 'https://goumunity.s3.ap-northeast-2.amazonaws.com/category-detail/2029999.png');
insert into tbl_category_detail(name, category_big_id, kan_code, expiration_date, img_src) values ('갈치',25,2030101,2, 'https://goumunity.s3.ap-northeast-2.amazonaws.com/category-detail/2030101.png');
insert into tbl_category_detail(name, category_big_id, kan_code, expiration_date, img_src) values ('고등어',25,2030102,2, 'https://goumunity.s3.ap-northeast-2.amazonaws.com/category-detail/2030102.png');
insert into tbl_category_detail(name, category_big_id, kan_code, expiration_date, img_src) values ('굴비',25,2030103,2, 'https://goumunity.s3.ap-northeast-2.amazonaws.com/category-detail/2030103.png');
insert into tbl_category_detail(name, category_big_id, kan_code, expiration_date, img_src) values ('장어',25,2030104,2, 'https://goumunity.s3.ap-northeast-2.amazonaws.com/category-detail/2030104.png');
insert into tbl_category_detail(name, category_big_id, kan_code, expiration_date, img_src) values ('옥돔',25,2030105,2, 'https://goumunity.s3.ap-northeast-2.amazonaws.com/category-detail/2030105.png');
insert into tbl_category_detail(name, category_big_id, kan_code, expiration_date, img_src) values ('조기',25,2030106,2, 'https://goumunity.s3.ap-northeast-2.amazonaws.com/category-detail/2030106.png');
insert into tbl_category_detail(name, category_big_id, kan_code, expiration_date, img_src) values ('참치',25,2030107,2, 'https://goumunity.s3.ap-northeast-2.amazonaws.com/category-detail/2030107.png');
insert into tbl_category_detail(name, category_big_id, kan_code, expiration_date, img_src) values ('동태',25,2030108,2, 'https://goumunity.s3.ap-northeast-2.amazonaws.com/category-detail/2030108.png');
insert into tbl_category_detail(name, category_big_id, kan_code, expiration_date, img_src) values ('초밥재료',25,2030109,2, 'https://goumunity.s3.ap-northeast-2.amazonaws.com/category-detail/2030109.png');
insert into tbl_category_detail(name, category_big_id, kan_code, expiration_date, img_src) values ('홍어',25,2030110,2, 'https://goumunity.s3.ap-northeast-2.amazonaws.com/category-detail/2030110.png');
insert into tbl_category_detail(name, category_big_id, kan_code, expiration_date, img_src) values ('생선회',25,2030111,2, 'https://goumunity.s3.ap-northeast-2.amazonaws.com/category-detail/2030111.png');
insert into tbl_category_detail(name, category_big_id, kan_code, expiration_date, img_src) values ('연어/훈제연어',25,2030112,1, 'https://goumunity.s3.ap-northeast-2.amazonaws.com/category-detail/2030112.png');
insert into tbl_category_detail(name, category_big_id, kan_code, expiration_date, img_src) values ('기타생선',25,2030199,2, 'https://goumunity.s3.ap-northeast-2.amazonaws.com/category-detail/2030199.png');
insert into tbl_category_detail(name, category_big_id, kan_code, expiration_date, img_src) values ('전복',25,2030201,1, 'https://goumunity.s3.ap-northeast-2.amazonaws.com/category-detail/2030201.png');
insert into tbl_category_detail(name, category_big_id, kan_code, expiration_date, img_src) values ('새우',25,2030202,1, 'https://goumunity.s3.ap-northeast-2.amazonaws.com/category-detail/2030202.png');
insert into tbl_category_detail(name, category_big_id, kan_code, expiration_date, img_src) values ('소라',25,2030203,1, 'https://goumunity.s3.ap-northeast-2.amazonaws.com/category-detail/2030203.png');
insert into tbl_category_detail(name, category_big_id, kan_code, expiration_date, img_src) values ('낙지',25,2030204,1, 'https://goumunity.s3.ap-northeast-2.amazonaws.com/category-detail/2030204.png');
insert into tbl_category_detail(name, category_big_id, kan_code, expiration_date, img_src) values ('문어',25,2030205,1, 'https://goumunity.s3.ap-northeast-2.amazonaws.com/category-detail/2030205.png');
insert into tbl_category_detail(name, category_big_id, kan_code, expiration_date, img_src) values ('쭈꾸미',25,2030206,1, 'https://goumunity.s3.ap-northeast-2.amazonaws.com/category-detail/2030206.png');
insert into tbl_category_detail(name, category_big_id, kan_code, expiration_date, img_src) values ('조개',25,2030207,1, 'https://goumunity.s3.ap-northeast-2.amazonaws.com/category-detail/2030207.png');
insert into tbl_category_detail(name, category_big_id, kan_code, expiration_date, img_src) values ('오징어',25,2030208,1, 'https://goumunity.s3.ap-northeast-2.amazonaws.com/category-detail/2030208.png');
insert into tbl_category_detail(name, category_big_id, kan_code, expiration_date, img_src) values ('게',25,2030209,1, 'https://goumunity.s3.ap-northeast-2.amazonaws.com/category-detail/2030209.png');
insert into tbl_category_detail(name, category_big_id, kan_code, expiration_date, img_src) values ('킹크랩',25,2030210,1, 'https://goumunity.s3.ap-northeast-2.amazonaws.com/category-detail/2030210.png');
insert into tbl_category_detail(name, category_big_id, kan_code, expiration_date, img_src) values ('바다가재',25,2030211,1, 'https://goumunity.s3.ap-northeast-2.amazonaws.com/category-detail/2030211.png');
insert into tbl_category_detail(name, category_big_id, kan_code, expiration_date, img_src) values ('굴',25,2030212,1, 'https://goumunity.s3.ap-northeast-2.amazonaws.com/category-detail/2030212.png');
insert into tbl_category_detail(name, category_big_id, kan_code, expiration_date, img_src) values ('꼬막',25,2030213,1, 'https://goumunity.s3.ap-northeast-2.amazonaws.com/category-detail/2030213.png');
insert into tbl_category_detail(name, category_big_id, kan_code, expiration_date, img_src) values ('홍합',25,2030214,1, 'https://goumunity.s3.ap-northeast-2.amazonaws.com/category-detail/2030214.png');
insert into tbl_category_detail(name, category_big_id, kan_code, expiration_date, img_src) values ('멍게',25,2030215,1, 'https://goumunity.s3.ap-northeast-2.amazonaws.com/category-detail/2030215.png');
insert into tbl_category_detail(name, category_big_id, kan_code, expiration_date, img_src) values ('해삼',25,2030216,1, 'https://goumunity.s3.ap-northeast-2.amazonaws.com/category-detail/2030216.png');
insert into tbl_category_detail(name, category_big_id, kan_code, expiration_date, img_src) values ('날치알',25,2030217,1, 'https://goumunity.s3.ap-northeast-2.amazonaws.com/category-detail/2030217.png');
insert into tbl_category_detail(name, category_big_id, kan_code, expiration_date, img_src) values ('어란',25,2030218,1, 'https://goumunity.s3.ap-northeast-2.amazonaws.com/category-detail/2030218.png');
insert into tbl_category_detail(name, category_big_id, kan_code, expiration_date, img_src) values ('기타해산물',25,2030299,1, 'https://goumunity.s3.ap-northeast-2.amazonaws.com/category-detail/2030299.png');
insert into tbl_category_detail(name, category_big_id, kan_code, expiration_date, img_src) values ('기타수산물',25,2039999,1, 'https://goumunity.s3.ap-northeast-2.amazonaws.com/category-detail/2039999.png');
insert into tbl_category_detail(name, category_big_id, kan_code, expiration_date, img_src) values ('과실류세트',26,2880101,0, 'https://goumunity.s3.ap-northeast-2.amazonaws.com/category-detail/2880101.png');
insert into tbl_category_detail(name, category_big_id, kan_code, expiration_date, img_src) values ('버섯류세트',26,2880102,0, 'https://goumunity.s3.ap-northeast-2.amazonaws.com/category-detail/2880102.png');
insert into tbl_category_detail(name, category_big_id, kan_code, expiration_date, img_src) values ('농산물세트',26,2880103,0, 'https://goumunity.s3.ap-northeast-2.amazonaws.com/category-detail/2880103.png');
insert into tbl_category_detail(name, category_big_id, kan_code, expiration_date, img_src) values ('축산물세트',26,2880104,0, 'https://goumunity.s3.ap-northeast-2.amazonaws.com/category-detail/2880104.png');
insert into tbl_category_detail(name, category_big_id, kan_code, expiration_date, img_src) values ('수산물세트',26,2880105,0, 'https://goumunity.s3.ap-northeast-2.amazonaws.com/category-detail/2880105.png');
insert into tbl_category_detail(name, category_big_id, kan_code, expiration_date, img_src) values ('기타신선식품세트류',26,2880199,0, 'https://goumunity.s3.ap-northeast-2.amazonaws.com/category-detail/2880199.png');
insert into tbl_category_detail(name, category_big_id, kan_code, expiration_date, img_src) values ('기타신선식품',27,2999999,0, 'https://goumunity.s3.ap-northeast-2.amazonaws.com/category-detail/2999999.png');
insert into tbl_category_detail(category_big_id,  expiration_date, img_src, name) values (28, 0, 'https://goumunity.s3.ap-northeast-2.amazonaws.com/category-detail/etc.png', '기타');
insert into tbl_category_detail(category_big_id,  expiration_date, img_src, name) values (28, 0, 'https://goumunity.s3.ap-northeast-2.amazonaws.com/category-detail/side.png', '반찬');
insert into tbl_category_detail(category_big_id,  expiration_date, img_src, name) values(28, 0, 'https://goumunity.s3.ap-northeast-2.amazonaws.com/category-detail/delivery.png', '배달음식');


insert into tbl_badge (badge_id, badge_name, badge_require, img_src, category_big_id) values
                                                                                          (1, '맛의 기원', '조미료 10회 섭취', 'https://goumunity.s3.ap-northeast-2.amazonaws.com/badge/1.png', 1),
                                                                                          (2, '바나나우유, '유제품 10회 섭취', 'https://goumunity.s3.ap-northeast-2.amazonaws.com/badge/2.png', 2),
(3, '햄 휴먼', '축산가공식품 10회 섭취', 'https://goumunity.s3.ap-northeast-2.amazonaws.com/badge/3.png', 3),
(4, 'XX 참치', '수산가공식품 10회 섭취', 'https://goumunity.s3.ap-northeast-2.amazonaws.com/badge/4.png', 4),
(5, '시간이 없군요?', '대용식품류 10회 섭취', 'https://goumunity.s3.ap-northeast-2.amazonaws.com/badge/5.png', 5),
(6, '전쟁을 대비', '통조림 10회 섭취', 'https://goumunity.s3.ap-northeast-2.amazonaws.com/badge/6.png', 6),
(7, '시골의 수호자', '농산가공식품 10회 섭취', 'https://goumunity.s3.ap-northeast-2.amazonaws.com/badge/7.png', 7),
(8, '익숙한 냉동의 맛', '냉동식품 10회 섭취', 'https://goumunity.s3.ap-northeast-2.amazonaws.com/badge/8.png', 8),
(9, '전통 발효 도구', '발효식품 10회 섭취', 'https://goumunity.s3.ap-northeast-2.amazonaws.com/badge/9.png', 9),
(10, '포장마차 오뎅', '어육, 연식품류 10회 섭취', 'https://goumunity.s3.ap-northeast-2.amazonaws.com/badge/10.png', 10),
(11, '믹서기', '분말류 10회 섭취', 'https://goumunity.s3.ap-northeast-2.amazonaws.com/badge/11.png', 11),
(12, 'GOAT', '즉석식품 10회 섭취', 'https://goumunity.s3.ap-northeast-2.amazonaws.com/badge/12.png', 12),
(13, '애국자', '영유아식품 10회 섭취', 'https://goumunity.s3.ap-northeast-2.amazonaws.com/badge/13.png', 13),
(14, '아령', '건강식품 10회 섭취', 'https://goumunity.s3.ap-northeast-2.amazonaws.com/badge/14.png', 14),
(15, '헨젤과 그레텔', '과자류 10회 섭취', 'https://goumunity.s3.ap-northeast-2.amazonaws.com/badge/15.png', 15),
(16, '콜라는 북극곰', '음료류 10회 섭취', 'https://goumunity.s3.ap-northeast-2.amazonaws.com/badge/16.png', 16),
(17, '라이스인가 케이크인가', '빵떡류 10회 섭취', 'https://goumunity.s3.ap-northeast-2.amazonaws.com/badge/17.png', 17),
(18, '리버스 잠만보', '커피, 코코아 10회 섭취', 'https://goumunity.s3.ap-northeast-2.amazonaws.com/badge/18.png', 18),
(19, '티 타임', '차류 10회 섭취', 'https://goumunity.s3.ap-northeast-2.amazonaws.com/badge/19.png', 19),
(20, '간 때문이야', '주류 10회 섭취', 'https://goumunity.s3.ap-northeast-2.amazonaws.com/badge/20.png', 20),
(21, '한가위', '가공식품세트 10회 섭취', 'https://goumunity.s3.ap-northeast-2.amazonaws.com/badge/21.png', 21),
(22, '그 중에는 치킨이 최고', '기타 가공 식품 10회 섭취', 'https://goumunity.s3.ap-northeast-2.amazonaws.com/badge/22.png', 22),
(23, '농협', '농산물 10회 섭취', 'https://goumunity.s3.ap-northeast-2.amazonaws.com/badge/23.png', 23),
(24, '만화고기', '축산물 10회 섭취', 'https://goumunity.s3.ap-northeast-2.amazonaws.com/badge/24.png', 24),
(25, '강태공', '수산물 10회 섭취', 'https://goumunity.s3.ap-northeast-2.amazonaws.com/badge/25.png', 25),
(26, '샐러드', '신선식품세트류 10회 섭취', 'https://goumunity.s3.ap-northeast-2.amazonaws.com/badge/26.png', 26),
(27, '신선', '기타신선식품류 10회 섭취', 'https://goumunity.s3.ap-northeast-2.amazonaws.com/badge/27.png', 27);
